,runtime_ham10,runtime_ham2,runtime_ham4,runtime_ham6,runtime_ham8,runtime_ham9,kNN_ham10_pred,kNN_ham2_pred,kNN_ham4_pred,kNN_ham6_pred,kNN_ham8_pred,kNN_ham9_pred,1st_ham,1st_time,2nd_ham,2nd_time,3rd_ham,3rd_time
0,199.989,39.146,32.872,78.694,13.955,6.061,115.11490909090911,65.80025,28.07535714285714,38.5715,22.31092,64.25886206896551,runtime_ham8,13.955,runtime_ham4,32.872,runtime_ham6,78.694
1,199.99400000000003,199.99400000000003,3.35,52.318000000000005,6.941,137.155,105.57427272727274,120.13125,47.883428571428574,76.971875,77.14507999999998,71.77979310344827,runtime_ham4,3.35,runtime_ham9,137.155,runtime_ham6,52.318000000000005
2,93.557,37.675,3.148,5.856,6.348,199.995,108.81909090909093,56.616625,15.96896428571429,61.459374999999994,21.098760000000002,69.43879310344828,runtime_ham4,3.148,runtime_ham8,6.348,runtime_ham2,37.675
3,89.05799999999999,199.99400000000003,1.2329999999999999,16.879,5.059,58.525,117.96418181818181,81.21187499999999,22.130678571428575,56.269124999999995,31.760119999999997,72.07844827586207,runtime_ham4,1.2329999999999999,runtime_ham8,5.059,runtime_ham6,16.879
4,107.992,4.2139999999999995,1.406,17.433,5.926,1.641,108.81909090909093,65.800375,22.818821428571432,38.675625,21.577,70.57565517241379,runtime_ham8,5.926,runtime_ham4,1.406,runtime_ham6,17.433
5,199.989,195.308,7.619,7.284,25.045,114.473,113.5079090909091,65.80025,15.96896428571429,38.5715,22.31092,70.57565517241379,runtime_ham4,7.619,runtime_ham8,25.045,runtime_ham6,7.284
6,97.865,199.993,12.802,199.989,199.99400000000003,199.993,149.8011818181818,101.02625,40.133035714285704,146.66425,43.3728,126.06941379310346,runtime_ham4,12.802,runtime_ham8,199.99400000000003,runtime_ham2,199.993
7,95.40100000000001,25.539,12.061,61.418,2.149,11.763,112.76581818181818,81.21187499999999,17.870857142857147,56.269124999999995,28.952639999999995,69.65193103448274,runtime_ham4,12.061,runtime_ham8,2.149,runtime_ham6,61.418
8,178.357,35.217,37.229,87.068,42.62,199.995,151.60927272727272,101.02699999999999,44.19899999999999,146.664625,43.37279999999999,126.06941379310345,runtime_ham8,42.62,runtime_ham4,37.229,runtime_ham2,35.217
9,142.714,199.99,8.759,199.989,3.2889999999999997,199.99599999999998,158.20972727272726,133.09662500000002,40.1330357142857,137.62675,43.24139999999999,124.16137931034483,runtime_ham4,8.759,runtime_ham8,3.2889999999999997,runtime_ham9,199.99599999999998
10,186.674,199.995,56.391999999999996,174.45,3.483,199.99599999999998,158.20972727272726,151.224,40.1330357142857,160.993,46.408199999999994,126.06941379310346,runtime_ham4,56.391999999999996,runtime_ham8,3.483,runtime_ham9,199.99599999999998
11,75.221,126.525,22.165,199.982,22.066999999999997,4.175,126.30199999999999,81.21187499999999,22.303464285714288,56.269124999999995,24.292719999999996,69.19037931034482,runtime_ham4,22.165,runtime_ham8,22.066999999999997,runtime_ham6,199.982
12,199.99099999999999,108.209,25.315,199.981,35.103,175.02599999999998,158.20972727272726,101.02674999999999,41.785607142857145,126.703,55.49467999999999,125.81848275862072,runtime_ham4,25.315,runtime_ham8,35.103,runtime_ham2,108.209
13,168.88400000000001,54.977,85.333,13.059000000000001,31.055999999999997,36.356,158.20972727272726,101.02674999999999,42.53535714285714,126.703,55.81207999999999,127.65155172413796,runtime_ham4,85.333,runtime_ham8,31.055999999999997,runtime_ham2,54.977
14,152.303,199.99400000000003,30.866,158.68200000000002,15.294,7.521,156.7419090909091,125.70949999999999,41.355214285714275,137.382875,55.81207999999999,122.78803448275862,runtime_ham4,30.866,runtime_ham8,15.294,runtime_ham9,7.521
15,183.977,7.348,199.995,199.99,180.21099999999998,45.742,158.20972727272726,101.02675,44.32292857142856,126.703,47.056279999999994,126.06941379310346,runtime_ham4,199.995,runtime_ham8,180.21099999999998,runtime_ham2,7.348
16,96.79,3.2319999999999998,11.074000000000002,58.401,4.46,45.946999999999996,112.93754545454549,65.800375,16.588749999999997,38.675625,20.725440000000003,68.87868965517242,runtime_ham4,11.074000000000002,runtime_ham8,4.46,runtime_ham6,58.401
17,79.798,21.294,16.779,62.607,18.708,52.653,121.03872727272727,65.80025,22.303464285714288,38.5715,28.72304,70.20462068965517,runtime_ham4,16.779,runtime_ham8,18.708,runtime_ham6,62.607
18,170.528,199.94400000000002,123.24600000000001,199.995,32.199,4.633,158.68527272727272,125.70949999999999,53.05767857142858,137.382875,57.92467999999999,127.61606896551726,runtime_ham4,123.24600000000001,runtime_ham8,32.199,runtime_ham2,199.94400000000002
19,116.314,2.4819999999999998,2.818,114.556,22.235,194.798,158.20972727272726,121.6235,40.323678571428566,157.58700000000002,54.62167999999999,129.05100000000002,runtime_ham4,2.818,runtime_ham8,22.235,runtime_ham2,2.4819999999999998
20,162.589,199.99599999999998,19.357,199.989,57.972,149.756,174.66799999999998,101.971625,50.90228571428572,118.65637500000001,51.13552,127.56010344827584,runtime_ham4,19.357,runtime_ham8,57.972,runtime_ham2,199.99599999999998
21,150.639,199.99400000000003,15.767999999999999,40.299,13.917,193.081,168.004,101.97162499999999,50.90228571428572,118.65637500000001,58.30459999999999,127.56010344827584,runtime_ham4,15.767999999999999,runtime_ham8,13.917,runtime_ham2,199.99400000000003
22,191.454,199.993,4.754,32.251999999999995,20.651999999999997,58.196999999999996,160.01354545454544,175.91375,37.89139285714284,146.97424999999998,42.16152,110.36796551724137,runtime_ham4,4.754,runtime_ham8,20.651999999999997,runtime_ham9,58.196999999999996
23,86.499,194.519,17.849,199.99099999999999,17.667,16.348,114.40172727272726,97.65950000000001,34.25892857142857,49.775375000000004,31.675319999999996,47.8164827586207,runtime_ham8,17.667,runtime_ham4,17.849,runtime_ham9,16.348
24,98.285,2.967,97.426,87.78,7.167999999999999,199.99400000000003,102.21045454545452,75.037375,28.69339285714286,77.714,29.74612,52.768172413793096,runtime_ham4,97.426,runtime_ham8,7.167999999999999,runtime_ham9,199.99400000000003
25,102.585,8.089,1.29,13.300999999999998,17.945999999999998,6.6339999999999995,110.29918181818184,78.35375000000002,41.531214285714285,48.620875,43.582440000000005,43.127310344827585,runtime_ham4,1.29,runtime_ham9,6.6339999999999995,runtime_ham8,17.945999999999998
26,135.101,2.513,18.302,0.114,6.855,10.324000000000002,100.79527272727273,80.51950000000001,34.27017857142857,53.24375,40.90736,47.42686206896551,runtime_ham4,18.302,runtime_ham8,6.855,runtime_ham9,10.324000000000002
27,199.99,118.166,2.27,17.496,18.593,16.544,105.68118181818183,80.284,31.30521428571429,66.54662499999999,32.826800000000006,49.52948275862071,runtime_ham4,2.27,runtime_ham8,18.593,runtime_ham9,16.544
28,103.15799999999999,43.50899999999999,36.463,4.024,2.1390000000000002,185.041,106.01199999999999,78.53075000000001,34.79671428571428,54.805375,45.201440000000005,47.23424137931033,runtime_ham4,36.463,runtime_ham8,2.1390000000000002,runtime_ham9,185.041
29,101.08,199.99400000000003,3.655,49.98,38.887,73.456,107.61318181818183,75.43625,31.305214285714282,50.45774999999999,32.826800000000006,49.529482758620695,runtime_ham4,3.655,runtime_ham8,38.887,runtime_ham9,73.456
30,79.723,199.99599999999998,33.077,114.446,6.934,188.63400000000001,160.01354545454544,175.91375,38.38125,146.97425,41.17923999999999,111.26086206896551,runtime_ham4,33.077,runtime_ham8,6.934,runtime_ham9,188.63400000000001
31,199.993,115.633,3.1489999999999996,199.981,14.067,21.9,173.8069090909091,144.878125,49.62942857142858,129.2965,56.74843999999999,130.2318965517241,runtime_ham4,3.1489999999999996,runtime_ham8,14.067,runtime_ham6,199.981
32,199.99,7.346,37.798,199.98,15.42,171.858,160.01354545454544,175.91375,38.38125,146.97425,41.17924,111.26086206896551,runtime_ham4,37.798,runtime_ham8,15.42,runtime_ham9,171.858
33,199.99200000000002,42.773,61.43899999999999,22.695,16.102999999999998,51.832,182.6248181818182,144.875,44.11824999999999,129.290875,50.61392,125.9941724137931,runtime_ham4,61.43899999999999,runtime_ham8,16.102999999999998,runtime_ham9,51.832
34,126.68799999999999,199.995,14.79,158.235,62.951,52.022,176.3590909090909,132.155375,50.78107142857143,129.29250000000002,51.506280000000004,125.9941724137931,runtime_ham4,14.79,runtime_ham8,62.951,runtime_ham9,52.022
35,199.99200000000002,199.97099999999998,37.488,199.99400000000003,58.018,199.99599999999998,168.75045454545457,149.87637500000002,45.3045,129.29225000000002,52.11088000000001,129.21079310344828,runtime_ham4,37.488,runtime_ham8,58.018,runtime_ham9,199.99599999999998
36,199.968,199.995,8.119,199.99400000000003,38.394,168.5,173.5617272727273,144.878125,49.71603571428573,129.2965,56.5674,130.2318965517241,runtime_ham4,8.119,runtime_ham8,38.394,runtime_ham6,199.99400000000003
37,199.989,152.561,25.44,199.97799999999998,17.367,199.99599999999998,182.6247272727273,144.87800000000001,49.45042857142858,129.290875,49.47464,119.12468965517242,runtime_ham4,25.44,runtime_ham8,17.367,runtime_ham9,199.99599999999998
38,199.981,199.99400000000003,57.992,199.99200000000002,11.494000000000002,30.816,160.01354545454544,175.91375,37.891392857142854,146.97425,41.17924,111.26086206896551,runtime_ham4,57.992,runtime_ham8,11.494000000000002,runtime_ham9,30.816
39,199.986,199.99200000000002,122.071,147.409,41.254,199.99599999999998,179.93990909090914,154.81212499999998,48.00185714285714,124.71875,48.953799999999994,109.83203448275862,runtime_ham4,122.071,runtime_ham8,41.254,runtime_ham9,199.99599999999998
40,169.03799999999998,48.078,8.224,13.200999999999999,106.866,11.683,184.24445454545454,133.506,43.700857142857124,102.86149999999999,48.95380000000001,116.71310344827586,runtime_ham4,8.224,runtime_ham8,106.866,runtime_ham6,13.200999999999999
41,131.05,13.876,7.94,199.99400000000003,19.761,76.69800000000001,179.9392727272727,154.811875,54.04217857142856,149.05349999999999,48.953799999999994,109.7693793103448,runtime_ham8,19.761,runtime_ham4,7.94,runtime_ham9,76.69800000000001
42,199.99400000000003,199.995,75.176,199.94400000000002,199.995,199.99599999999998,183.3169090909091,138.0845,48.00185714285714,126.94712500000003,48.9538,115.29555172413792,runtime_ham4,75.176,runtime_ham8,199.995,runtime_ham9,199.99599999999998
43,199.99400000000003,64.627,1.0,28.855,18.059,127.973,108.833,36.71375,39.19689285714286,23.126125,28.232960000000002,50.80827586206897,runtime_ham6,28.855,runtime_ham8,18.059,runtime_ham2,64.627
44,85.45299999999999,0.077,5.276,26.678,5.949,9.305,114.25190909090908,36.061625,25.787357142857143,22.353,18.29204,55.824827586206894,runtime_ham8,5.949,runtime_ham6,26.678,runtime_ham4,5.276
45,66.899,61.788999999999994,33.111,22.041,100.62799999999999,25.869,114.25190909090911,36.006625,26.6035,22.677500000000002,18.29204,55.569,runtime_ham8,100.62799999999999,runtime_ham6,22.041,runtime_ham4,33.111
46,199.989,8.285,9.658,59.246,3.551,9.607999999999999,105.006,25.658875,24.600392857142857,22.092000000000002,18.292040000000004,53.087310344827586,runtime_ham8,3.551,runtime_ham6,59.246,runtime_ham4,9.658
47,162.847,199.99400000000003,162.10299999999998,199.99400000000003,199.995,199.99599999999998,187.51727272727274,154.81175000000002,53.28289285714285,149.05975,47.30032,108.54751724137931,runtime_ham8,199.995,runtime_ham4,162.10299999999998,runtime_ham9,199.99599999999998
48,199.985,199.99599999999998,5.365,199.99200000000002,25.791,77.102,192.79345454545455,154.81225,50.837035714285705,133.060875,48.5584,108.54751724137932,runtime_ham8,25.791,runtime_ham4,5.365,runtime_ham9,77.102
49,189.77599999999998,199.99200000000002,199.99599999999998,21.522,20.768,199.995,189.41745454545455,154.811875,61.64928571428571,149.0535,49.53748,109.45517241379311,runtime_ham8,20.768,runtime_ham4,199.99599999999998,runtime_ham9,199.995
50,199.99,24.655,16.805,23.585,24.230999999999998,5.038,184.70409090909095,135.8225,50.83703571428571,107.94225000000002,48.90352000000001,115.28417241379312,runtime_ham8,24.230999999999998,runtime_ham4,16.805,runtime_ham6,23.585
51,199.99400000000003,199.99599999999998,7.624,5.26,21.24,199.995,196.24790909090908,158.72175,56.776535714285714,80.320125,49.48504,115.2649655172414,runtime_ham8,21.24,runtime_ham4,7.624,runtime_ham6,5.26
52,199.993,111.32600000000001,4.013999999999999,199.99200000000002,3.716,106.714,195.27663636363638,153.68525,53.71667857142857,84.10112500000001,49.01223999999999,106.28086206896553,runtime_ham8,3.716,runtime_ham4,4.013999999999999,runtime_ham6,199.99200000000002
53,199.99099999999999,199.99599999999998,39.654,199.99400000000003,5.196000000000001,75.48,192.79345454545455,154.81199999999998,56.776535714285714,124.71800000000002,49.428760000000004,115.2649655172414,runtime_ham8,5.196000000000001,runtime_ham4,39.654,runtime_ham9,75.48
54,199.983,199.99400000000003,199.99599999999998,199.99200000000002,39.601,126.03200000000001,198.0897272727273,183.758375,63.98275000000001,131.79125,56.00152,105.35220689655173,runtime_ham8,39.601,runtime_ham4,199.99599999999998,runtime_ham9,126.03200000000001
55,199.987,197.072,15.385,31.601999999999997,57.832,5.337000000000001,197.16163636363638,150.757375,62.654500000000006,85.399125,53.53304000000001,105.96093103448277,runtime_ham8,57.832,runtime_ham4,15.385,runtime_ham6,31.601999999999997
56,199.987,199.993,17.366,199.988,27.673000000000002,199.995,190.89399999999998,154.81212499999998,61.09928571428572,108.71887500000003,56.87184000000001,104.24765517241379,runtime_ham8,27.673000000000002,runtime_ham4,17.366,runtime_ham9,199.995
57,199.99200000000002,199.99400000000003,22.319000000000003,19.464000000000002,100.87299999999999,161.032,197.16109090909092,183.75787499999998,61.10460714285714,85.14075000000001,53.70944,103.96541379310347,runtime_ham8,100.87299999999999,runtime_ham4,22.319000000000003,runtime_ham6,19.464000000000002
58,199.993,105.448,71.584,199.99400000000003,27.62,78.64399999999999,198.0897272727273,150.757375,67.88271428571429,85.39912500000001,66.37036,96.68620689655172,runtime_ham8,27.62,runtime_ham4,71.584,runtime_ham6,199.99400000000003
59,0.004,0.004,0.002,0.004,0.002,0.002,103.64499999999998,39.38525,36.40760714285714,35.2335,46.3982,55.258137931034476,runtime_ham6,0.004,runtime_ham4,0.002,runtime_ham2,0.004
60,0.004,0.004,0.002,0.004,0.002,0.004,103.52736363636365,27.436875,31.583,19.125125,45.92540000000001,47.88127586206897,runtime_ham6,0.004,runtime_ham2,0.004,runtime_ham4,0.002
61,106.20200000000001,3.213,7.197,8.705,1.2229999999999999,9.773,98.78236363636364,32.98387499999999,33.476571428571425,32.151375,46.42684,52.540965517241375,runtime_ham6,8.705,runtime_ham2,3.213,runtime_ham4,7.197
62,179.092,167.574,3.4530000000000003,3.304,22.644000000000002,0.777,194.71354545454548,150.757375,65.39078571428571,85.399125,60.06568000000002,92.59258620689657,runtime_ham8,22.644000000000002,runtime_ham4,3.4530000000000003,runtime_ham6,3.304
63,130.244,0.287,4.055,10.344000000000001,16.635,17.63,186.141,170.978,54.391678571428564,82.99925,44.11108000000001,99.3091379310345,runtime_ham8,16.635,runtime_ham4,4.055,runtime_ham6,10.344000000000001
64,199.99,199.995,86.242,199.99200000000002,122.262,199.995,160.01354545454544,175.91375,37.89139285714286,146.97425,43.3728,110.36796551724137,runtime_ham4,86.242,runtime_ham8,122.262,runtime_ham9,199.995
65,199.99099999999999,199.995,13.404000000000002,199.99200000000002,37.751,64.471,160.01354545454544,175.91375,37.60210714285715,146.97424999999998,43.3728,111.21310344827586,runtime_ham4,13.404000000000002,runtime_ham8,37.751,runtime_ham9,64.471
66,199.989,199.995,3.002,29.148000000000003,27.695999999999998,199.99599999999998,160.01354545454544,175.91375,37.89139285714284,146.97425,42.16152,110.36796551724137,runtime_ham4,3.002,runtime_ham8,27.695999999999998,runtime_ham9,199.99599999999998
67,185.65400000000002,199.99599999999998,199.995,9.386000000000001,56.715,34.539,184.366,183.753625,61.42417857142857,91.599375,48.25908,86.6811724137931,runtime_ham8,56.715,runtime_ham4,199.995,runtime_ham9,34.539
68,73.586,199.958,54.762,69.065,27.198,129.483,184.36672727272727,163.8835,65.49467857142857,69.707625,54.853560000000016,77.71893103448278,runtime_ham8,27.198,runtime_ham4,54.762,runtime_ham6,69.065
69,199.993,41.032,199.99599999999998,24.854,199.995,43.843999999999994,107.1138181818182,99.1545,53.39292857142857,36.210875,44.539480000000005,68.22337931034482,runtime_ham6,24.854,runtime_ham8,199.995,runtime_ham4,199.99599999999998
70,70.095,199.99599999999998,35.751,199.99200000000002,15.205,29.232,163.76472727272727,175.91375,37.60210714285714,146.97425,43.3728,110.939,runtime_ham4,35.751,runtime_ham8,15.205,runtime_ham9,29.232
71,37.042,43.27,71.543,23.891,199.995,24.329,79.24109090909091,63.573,43.98378571428571,54.886750000000006,58.84651999999997,52.231793103448275,runtime_ham4,71.543,runtime_ham9,24.329,runtime_ham6,23.891
72,30.778000000000002,55.63,70.237,24.971999999999998,67.949,42.533,79.24109090909091,75.913375,43.596642857142854,68.7485,57.61583999999998,52.23179310344827,runtime_ham4,70.237,runtime_ham9,42.533,runtime_ham8,67.949
73,50.038000000000004,100.397,80.024,54.273,81.094,64.79899999999999,78.48227272727273,67.333,50.38914285714286,58.44075000000001,58.84651999999997,51.344793103448275,runtime_ham4,80.024,runtime_ham9,64.79899999999999,runtime_ham6,54.273
74,199.99099999999999,199.99400000000003,199.995,145.423,199.99200000000002,138.707,107.1138181818182,70.43887500000001,51.68053571428571,44.066,43.07308,64.72641379310345,runtime_ham8,199.99200000000002,runtime_ham6,145.423,runtime_ham4,199.995
75,31.361,45.155,96.022,95.38600000000001,88.302,43.528999999999996,79.24109090909091,67.33300000000001,50.27839285714284,58.44075000000001,50.95455999999997,51.532758620689656,runtime_ham4,96.022,runtime_ham8,88.302,runtime_ham9,43.528999999999996
76,33.834,62.967,62.303000000000004,32.297,75.203,20.511,79.24109090909091,67.333,50.27839285714284,58.44075000000001,56.979839999999975,51.39865517241379,runtime_ham4,62.303000000000004,runtime_ham9,20.511,runtime_ham8,75.203
77,130.799,106.435,0.937,6.9510000000000005,0.061,13.459000000000001,75.28945454545455,68.304125,38.542357142857135,47.909124999999996,50.55307999999997,46.06817241379311,runtime_ham4,0.937,runtime_ham9,13.459000000000001,runtime_ham6,6.9510000000000005
78,105.12899999999999,0.065,1.8869999999999998,19.698,5.265,15.008,75.28945454545455,68.304125,38.542357142857135,47.909125,50.553079999999966,46.06817241379311,runtime_ham4,1.8869999999999998,runtime_ham9,15.008,runtime_ham6,19.698
79,67.01,8.697000000000001,1.13,2.5269999999999997,7.93,1.031,78.30554545454545,88.298,106.16989285714283,52.548875,119.12799999999999,71.88793103448276,runtime_ham6,2.5269999999999997,runtime_ham9,1.031,runtime_ham10,67.01
80,42.873999999999995,0.831,199.995,7.175,19.765,11.847000000000001,89.54099999999998,71.674875,105.98142857142854,28.622500000000002,125.18104000000001,71.67796551724138,runtime_ham6,7.175,runtime_ham2,0.831,runtime_ham9,11.847000000000001
81,124.086,139.077,8.049,0.308,13.847999999999999,0.126,76.49781818181818,88.298,106.16989285714283,52.548874999999995,119.12799999999999,71.88793103448276,runtime_ham6,0.308,runtime_ham9,0.126,runtime_ham10,124.086
82,199.99099999999999,0.196,34.365,0.11599999999999999,34.177,0.032,94.55827272727271,50.333125,68.31846428571428,63.894125,72.18876,72.8653793103448,runtime_ham2,0.196,runtime_ham6,0.11599999999999999,runtime_ham4,34.365
83,40.02,56.051,199.99599999999998,8.712,33.796,133.47899999999998,80.21263636363636,39.749874999999996,113.11817857142856,5.61525,125.18099999999998,65.81010344827588,runtime_ham6,8.712,runtime_ham2,56.051,runtime_ham9,133.47899999999998
84,121.208,1.444,24.204,199.99400000000003,41.85,0.938,94.55827272727271,75.28075000000001,61.58871428571428,46.355125,72.18772,82.39420689655171,runtime_ham6,199.99400000000003,runtime_ham4,24.204,runtime_ham8,41.85
85,199.99200000000002,199.99400000000003,7.111000000000001,117.655,7.127999999999999,2.8339999999999996,94.55827272727271,50.333125,68.31846428571428,63.894125,72.18876,72.8653793103448,runtime_ham2,199.99400000000003,runtime_ham6,117.655,runtime_ham4,7.111000000000001
86,48.793,29.651999999999997,199.995,1.546,199.99400000000003,94.5,79.21818181818183,41.285,113.11817857142856,12.501875,125.18099999999998,65.81010344827587,runtime_ham6,1.546,runtime_ham2,29.651999999999997,runtime_ham9,94.5
87,53.628,67.009,199.995,8.58,199.99400000000003,8.383,78.40627272727274,48.016999999999996,114.00771428571429,26.299124999999997,132.09500000000003,70.11586206896553,runtime_ham6,8.58,runtime_ham2,67.009,runtime_ham9,8.383
88,47.925,1.1640000000000001,199.995,0.6459999999999999,199.97299999999998,0.22699999999999998,78.40627272727274,48.8995,113.11821428571429,19.67325,125.181,64.248,runtime_ham6,0.6459999999999999,runtime_ham2,1.1640000000000001,runtime_ham9,0.22699999999999998
89,97.383,13.112,199.995,62.268,199.993,0.12300000000000001,77.2391818181818,48.016999999999996,114.00771428571429,26.299124999999997,132.095,70.11586206896553,runtime_ham6,62.268,runtime_ham2,13.112,runtime_ham9,0.12300000000000001
90,199.99099999999999,15.517999999999999,199.995,15.427999999999999,199.947,64.689,77.2391818181818,48.016999999999996,113.11821428571429,26.299125,132.095,70.11579310344828,runtime_ham6,15.427999999999999,runtime_ham2,15.517999999999999,runtime_ham9,64.689
91,66.885,199.993,199.99599999999998,57.678999999999995,199.99,199.995,69.85627272727272,47.68524999999999,112.01407142857144,27.744124999999997,130.82800000000003,70.9226896551724,runtime_ham6,57.678999999999995,runtime_ham2,199.993,runtime_ham10,66.885
92,73.874,1.6369999999999998,199.995,55.534,199.995,1.1740000000000002,68.79572727272726,47.685249999999996,103.35989285714285,27.744124999999997,115.96940000000001,81.26055172413793,runtime_ham6,55.534,runtime_ham2,1.6369999999999998,runtime_ham10,73.874
93,0.027999999999999997,0.265,199.995,0.17,199.995,88.87100000000001,94.55827272727271,50.333125,61.58871428571428,63.894125,72.18772000000001,82.39420689655171,runtime_ham2,0.265,runtime_ham4,199.995,runtime_ham6,0.17
94,30.035999999999998,53.397,199.99599999999998,20.272000000000002,199.988,23.738000000000003,70.9899090909091,45.403875,100.04232142857143,37.4295,98.71980000000003,75.87355172413791,runtime_ham6,20.272000000000002,runtime_ham2,53.397,runtime_ham10,30.035999999999998
95,106.725,0.41200000000000003,14.343,140.716,2.085,199.99599999999998,94.55827272727274,50.333125,68.50442857142856,63.894125,72.18772000000001,88.53041379310345,runtime_ham2,0.41200000000000003,runtime_ham6,140.716,runtime_ham4,14.343
96,167.832,199.993,1.122,0.055999999999999994,16.045,199.99599999999998,74.53172727272727,82.35437499999999,61.58871428571428,58.66887500000001,72.18772000000001,82.39420689655171,runtime_ham6,0.055999999999999994,runtime_ham4,1.122,runtime_ham8,16.045
97,55.343999999999994,11.401,199.99599999999998,79.029,199.987,3.43,145.924,110.0335,88.50325,105.51175,74.51724,92.4936551724138,runtime_ham8,199.987,runtime_ham4,199.99599999999998,runtime_ham9,3.43
98,0.843,0.085,49.123999999999995,52.281000000000006,74.47,0.11699999999999999,90.61227272727272,82.354375,61.58871428571428,58.668875,72.18772000000001,82.39420689655171,runtime_ham6,52.281000000000006,runtime_ham4,49.123999999999995,runtime_ham8,74.47
99,39.272,199.993,31.366999999999997,0.40399999999999997,54.637,8.943999999999999,86.32336363636364,150.20100000000002,61.58871428571428,33.85212500000001,86.53512,82.39420689655171,runtime_ham6,0.40399999999999997,runtime_ham4,31.366999999999997,runtime_ham9,8.943999999999999
100,3.293,56.836999999999996,1.874,16.288,39.108000000000004,199.99599999999998,107.35172727272729,166.61974999999998,60.381678571428594,52.321124999999995,94.49907999999998,82.33527586206895,runtime_ham6,16.288,runtime_ham4,1.874,runtime_ham9,199.99599999999998
101,199.99099999999999,199.942,199.995,199.993,199.989,5.265,104.42790909090908,166.61974999999998,61.568642857142855,52.321124999999995,94.49907999999998,82.39420689655172,runtime_ham6,199.993,runtime_ham4,199.995,runtime_ham9,5.265
102,63.318999999999996,199.99200000000002,199.995,0.243,0.81,29.826999999999998,107.44254545454545,143.717875,60.15689285714287,59.30262499999999,94.49907999999998,75.84737931034485,runtime_ham6,0.243,runtime_ham4,199.995,runtime_ham9,29.826999999999998
103,95.19200000000001,199.993,4.5169999999999995,199.993,199.989,3.2760000000000002,103.95454545454544,161.612625,67.16578571428572,59.046749999999996,85.69639999999998,76.54434482758622,runtime_ham6,199.993,runtime_ham4,4.5169999999999995,runtime_ham9,3.2760000000000002
104,105.416,199.99,7.6129999999999995,1.32,48.669,0.087,103.95454545454545,143.7245,67.16578571428572,36.083625,86.81647999999997,76.54434482758622,runtime_ham6,1.32,runtime_ham4,7.6129999999999995,runtime_ham9,0.087
105,156.507,131.435,6.032,0.096,27.136999999999997,0.193,103.95454545454545,136.656125,67.16578571428572,34.0755,85.69639999999998,76.54434482758619,runtime_ham6,0.096,runtime_ham4,6.032,runtime_ham9,0.193
106,117.681,144.776,5.444,0.23199999999999998,22.948,48.731,103.89154545454545,166.62,60.15689285714287,54.050749999999994,94.49907999999999,75.84737931034485,runtime_ham6,0.23199999999999998,runtime_ham4,5.444,runtime_ham9,48.731
107,0.21100000000000002,199.993,0.166,0.991,9.655,199.995,104.71254545454545,143.72425,60.156892857142864,34.427375,94.49907999999999,75.84737931034483,runtime_ham6,0.991,runtime_ham4,0.166,runtime_ham9,199.995
108,199.993,199.995,69.726,14.241,128.165,34.150999999999996,98.50499999999998,161.618875,67.16582142857143,60.954,85.6964,76.73844827586207,runtime_ham6,14.241,runtime_ham4,69.726,runtime_ham9,34.150999999999996
109,0.904,0.29,29.95,0.223,1.564,199.995,99.43172727272727,143.55575,73.44407142857143,60.952875,85.6964,76.73844827586207,runtime_ham6,0.223,runtime_ham4,29.95,runtime_ham9,199.995
110,133.09799999999998,9.871,199.995,7.707000000000001,199.989,0.247,108.336,160.23725000000002,85.93492857142857,104.69449999999998,84.21824000000002,76.99896551724139,runtime_ham9,0.247,runtime_ham8,199.989,runtime_ham4,199.995
111,73.513,199.972,4.399,199.99099999999999,199.99099999999999,199.99599999999998,94.19027272727271,137.3355,78.83232142857142,85.07987499999999,84.21824000000002,76.99896551724139,runtime_ham9,199.99599999999998,runtime_ham4,4.399,runtime_ham8,199.99099999999999
112,1.21,199.993,4.931,15.503,46.395,164.425,106.91463636363636,144.7535,73.44407142857143,86.72225,84.21824000000001,76.71393103448277,runtime_ham4,4.931,runtime_ham9,164.425,runtime_ham8,46.395
113,199.99400000000003,16.778,199.99599999999998,56.256,8.315,0.23199999999999998,99.43172727272727,168.518375,73.44407142857143,85.923875,83.5082,76.73844827586207,runtime_ham4,199.99599999999998,runtime_ham9,0.23199999999999998,runtime_ham8,8.315
114,10.241,199.99099999999999,17.282,199.99099999999999,35.719,7.069,119.44227272727272,153.323625,78.83232142857142,111.70887499999999,84.21824000000001,76.71393103448277,runtime_ham9,7.069,runtime_ham4,17.282,runtime_ham8,35.719
115,77.824,199.99200000000002,6.5489999999999995,199.99200000000002,7.085,22.046,93.29918181818184,152.62324999999998,91.95735714285713,101.1475,96.46732000000002,72.02903448275865,runtime_ham9,22.046,runtime_ham4,6.5489999999999995,runtime_ham10,77.824
116,199.993,199.995,199.995,199.99099999999999,199.967,199.99599999999998,94.19027272727273,160.240125,85.93492857142859,103.04687499999999,90.03252,76.99896551724137,runtime_ham9,199.99599999999998,runtime_ham4,199.995,runtime_ham8,199.967
117,56.518,199.995,0.846,1.06,199.995,58.92,94.19027272727271,160.2375,85.93492857142859,126.10787499999999,90.03252000000002,72.33320689655173,runtime_ham9,58.92,runtime_ham4,0.846,runtime_ham8,199.995
118,82.805,72.09,6.355,0.14,199.995,199.995,93.29918181818184,136.32525,91.95735714285713,101.42487499999999,90.03188000000002,72.02903448275865,runtime_ham9,199.995,runtime_ham8,199.995,runtime_ham4,6.355
119,199.993,199.99400000000003,199.99599999999998,199.99099999999999,199.995,199.995,100.1999090909091,160.23725000000002,85.93492857142859,103.04687499999999,90.03252000000002,72.33320689655173,runtime_ham9,199.995,runtime_ham4,199.99599999999998,runtime_ham8,199.995
120,0.966,0.276,3.7460000000000004,0.165,5.896,113.26700000000001,94.55827272727271,50.333125,68.50435714285713,63.894125,72.18875999999999,88.53041379310343,runtime_ham2,0.276,runtime_ham6,0.165,runtime_ham4,3.7460000000000004
121,41.1,11.09,199.995,199.99,19.754,3.7039999999999997,89.034,86.6885,109.68149999999999,138.025125,135.74223999999998,86.17431034482757,runtime_ham9,3.7039999999999997,runtime_ham2,11.09,runtime_ham10,41.1
122,51.312,74.05199999999999,199.995,100.59200000000001,199.988,33.296,109.08172727272726,88.22312500000001,90.40242857142857,138.97474999999997,136.62656,82.91696551724137,runtime_ham9,33.296,runtime_ham2,74.05199999999999,runtime_ham4,199.995
123,150.66899999999998,199.988,38.774,199.99,199.995,199.995,109.08172727272728,88.22312500000001,97.27321428571429,138.97474999999997,136.62656,82.08062068965516,runtime_ham9,199.995,runtime_ham2,199.988,runtime_ham4,38.774
124,140.33700000000002,14.026,33.453,7.837999999999999,199.989,24.92,110.835,118.11387500000001,74.27021428571427,106.87950000000001,119.01732,84.46020689655175,runtime_ham4,33.453,runtime_ham9,24.92,runtime_ham6,7.837999999999999
125,80.477,56.57,199.995,130.909,199.99099999999999,199.995,103.14172727272727,142.83137500000004,81.34599999999999,119.29412500000001,119.13020000000002,85.40493103448277,runtime_ham4,199.995,runtime_ham9,199.995,runtime_ham10,80.477
126,184.05599999999998,199.99099999999999,32.519,199.989,199.99,199.995,111.34390909090908,142.831375,87.10389285714287,119.29412500000001,119.12960000000002,84.2646551724138,runtime_ham9,199.995,runtime_ham4,32.519,runtime_ham10,184.05599999999998
127,0.24600000000000002,0.7390000000000001,199.995,0.436,199.975,0.408,37.29109090909091,52.331,173.48346428571426,1.324125,182.7536,53.25158620689655,runtime_ham6,0.436,runtime_ham10,0.24600000000000002,runtime_ham2,0.7390000000000001
128,199.99200000000002,2.35,199.995,1.355,199.99,0.7959999999999999,37.29109090909091,52.331,173.48346428571426,1.324125,182.7536,53.25158620689655,runtime_ham6,1.355,runtime_ham10,199.99200000000002,runtime_ham2,2.35
129,1.63,199.99099999999999,199.995,3.324,199.99,199.993,37.29109090909091,52.3305,173.48346428571423,1.16825,182.75368000000003,58.45193103448274,runtime_ham6,3.324,runtime_ham10,1.63,runtime_ham2,199.99099999999999
130,1.123,1.11,182.484,0.574,199.99200000000002,0.961,37.29109090909091,52.331,173.48346428571423,1.324125,182.75368000000003,58.45193103448274,runtime_ham6,0.574,runtime_ham10,1.123,runtime_ham2,1.11
131,0.9940000000000001,1.74,48.318000000000005,0.151,199.993,1.122,37.29109090909091,52.8055,173.4835714285714,1.1636249999999997,182.7536,59.37606896551724,runtime_ham6,0.151,runtime_ham10,0.9940000000000001,runtime_ham2,1.74
132,2.36,199.993,199.995,0.5660000000000001,199.983,2.8080000000000003,37.29109090909091,52.8055,173.4835714285714,1.163625,182.7536,59.37606896551724,runtime_ham6,0.5660000000000001,runtime_ham10,2.36,runtime_ham2,199.993
133,1.032,12.624,10.975999999999999,1.494,98.65100000000001,199.995,19.113909090909093,53.373875,173.48399999999995,1.023625,175.54428,52.790620689655164,runtime_ham6,1.494,runtime_ham10,1.032,runtime_ham9,199.995
134,199.99099999999999,2.346,199.995,0.10800000000000001,199.988,1.355,37.28036363636364,53.356874999999995,166.5953214285714,1.0238749999999999,175.54428,51.771517241379314,runtime_ham6,0.10800000000000001,runtime_ham10,199.99099999999999,runtime_ham9,1.355
135,0.156,4.648,199.995,1.5730000000000002,87.008,5.5729999999999995,55.546181818181815,30.049875000000004,154.9221428571428,27.390124999999998,167.8296,58.5443448275862,runtime_ham6,1.5730000000000002,runtime_ham2,4.648,runtime_ham10,0.156
136,2.5180000000000002,4.539,199.995,0.39899999999999997,199.995,199.99599999999998,55.54618181818182,5.268375000000001,154.9221428571428,2.410125,167.82959999999994,58.5443448275862,runtime_ham6,0.39899999999999997,runtime_ham2,4.539,runtime_ham10,2.5180000000000002
137,0.168,0.9740000000000001,199.995,0.5760000000000001,199.993,2.2430000000000003,74.68709090909093,28.690500000000004,147.91328571428568,27.2335,153.43316,62.025379310344825,runtime_ham6,0.5760000000000001,runtime_ham2,0.9740000000000001,runtime_ham9,2.2430000000000003
138,0.121,14.011,94.104,1.617,199.99,3.122,84.18890909090909,28.690500000000004,147.91328571428568,27.2335,153.43316000000002,62.025379310344825,runtime_ham6,1.617,runtime_ham2,14.011,runtime_ham9,3.122
139,199.99099999999999,1.265,101.72200000000001,13.363,199.946,1.939,85.35981818181818,29.007749999999998,141.28292857142853,52.21825,153.43316000000002,66.1228275862069,runtime_ham2,1.265,runtime_ham6,13.363,runtime_ham9,1.939
140,3.685,199.99200000000002,199.995,199.99099999999999,45.33,199.995,85.35981818181818,53.078500000000005,136.2468928571428,77.398125,153.43316000000002,64.37406896551724,runtime_ham2,199.99200000000002,runtime_ham9,199.995,runtime_ham6,199.99099999999999
141,199.99200000000002,1.749,126.147,0.24100000000000002,199.97400000000002,0.41100000000000003,85.35981818181818,53.07850000000001,136.2468928571428,77.398125,153.43336000000002,64.37406896551724,runtime_ham2,1.749,runtime_ham9,0.41100000000000003,runtime_ham6,0.24100000000000002
142,13.912,4.8839999999999995,93.914,199.986,199.988,2.275,70.91518181818182,53.078500000000005,129.61646428571424,77.398125,148.41316,64.37406896551725,runtime_ham2,4.8839999999999995,runtime_ham9,2.275,runtime_ham10,13.912
143,199.99200000000002,199.99200000000002,199.99400000000003,199.993,199.993,199.99599999999998,70.91518181818182,53.078500000000005,122.5138571428571,77.398125,148.41316,71.53737931034483,runtime_ham2,199.99200000000002,runtime_ham10,199.99200000000002,runtime_ham9,199.99599999999998
144,118.432,1.761,199.995,3.418,199.989,199.995,70.91518181818184,53.078500000000005,122.51385714285709,77.398125,148.41316,71.53737931034483,runtime_ham2,1.761,runtime_ham10,118.432,runtime_ham9,199.995
145,0.16,0.10099999999999999,199.995,2.693,138.123,0.815,37.29109090909091,52.331,173.48342857142856,1.324125,182.75352000000004,54.95855172413791,runtime_ham6,2.693,runtime_ham10,0.16,runtime_ham2,0.10099999999999999
146,3.389,1.172,199.995,0.6759999999999999,199.953,5.835,24.813000000000002,15.181625,199.9876785714286,5.9750000000000005,199.97852000000003,17.036000000000005,runtime_ham6,0.6759999999999999,runtime_ham2,1.172,runtime_ham9,5.835
147,8.485,9.007,199.995,13.728,199.988,14.034,24.952909090909092,15.181624999999997,199.98978571428572,5.9750000000000005,199.98000000000005,18.079379310344834,runtime_ham6,13.728,runtime_ham2,9.007,runtime_ham9,14.034
148,8.809,16.328,199.995,7.745,199.99400000000003,1.287,24.952909090909092,15.181625,199.98978571428572,5.9750000000000005,199.98,17.73086206896552,runtime_ham6,7.745,runtime_ham2,16.328,runtime_ham9,1.287
149,0.365,46.605,199.995,0.8420000000000001,199.937,6.524,25.45254545454545,22.762375,199.99071428571423,8.018,199.98012,17.909413793103447,runtime_ham6,0.8420000000000001,runtime_ham9,6.524,runtime_ham2,46.605
150,3.964,22.103,199.99400000000003,12.062000000000001,199.989,2.035,24.95290909090909,15.996,199.99071428571423,7.798875000000001,199.98012,17.988965517241382,runtime_ham6,12.062000000000001,runtime_ham2,22.103,runtime_ham9,2.035
151,199.99,6.261,199.988,3.457,199.988,19.38,23.816454545454544,19.649250000000002,199.99042857142857,7.376875,199.98216,23.515206896551724,runtime_ham6,3.457,runtime_ham2,6.261,runtime_ham9,19.38
152,22.171,58.818000000000005,199.995,2.742,199.96900000000002,1.508,23.81645454545455,17.14175,199.99042857142854,5.060375,199.98208000000005,24.632034482758616,runtime_ham6,2.742,runtime_ham2,58.818000000000005,runtime_ham10,22.171
153,0.42100000000000004,7.687,199.995,15.267000000000001,199.986,199.995,23.81645454545455,17.14175,199.99042857142854,5.060375,199.98208000000002,23.51520689655172,runtime_ham6,15.267000000000001,runtime_ham2,7.687,runtime_ham9,199.995
154,5.267,2.2430000000000003,199.99400000000003,9.414,199.99400000000003,3.458,41.34790909090909,12.48,199.99042857142854,7.979375,199.98208000000005,26.75796551724137,runtime_ham6,9.414,runtime_ham2,2.2430000000000003,runtime_ham9,3.458
155,8.885,10.245,199.995,5.82,199.99400000000003,5.853,41.34790909090909,12.48,199.99042857142854,7.979375,199.98344000000006,26.75796551724137,runtime_ham6,5.82,runtime_ham2,10.245,runtime_ham9,5.853
156,3.195,3.7,199.995,1.4280000000000002,199.981,2.845,42.052,15.46875,199.9910714285714,32.546125,199.98384000000004,39.672620689655176,runtime_ham2,3.7,runtime_ham6,1.4280000000000002,runtime_ham9,2.845
157,0.429,1.575,199.995,1.5130000000000001,199.99,15.164000000000001,42.052,15.46875,199.99074999999996,32.546124999999996,199.98384000000001,32.974103448275855,runtime_ham2,1.575,runtime_ham6,1.5130000000000001,runtime_ham9,15.164000000000001
158,3.6310000000000002,9.311,199.995,24.194000000000003,199.988,33.393,25.421545454545456,8.903875,199.9935357142856,56.987125000000006,199.98792000000006,50.86955172413794,runtime_ham2,9.311,runtime_ham10,3.6310000000000002,runtime_ham9,33.393
159,10.482999999999999,5.43,199.99200000000002,199.989,199.995,0.993,25.421545454545456,8.903875000000001,199.9934999999999,56.987125,199.98812000000007,57.282,runtime_ham2,5.43,runtime_ham10,10.482999999999999,runtime_ham6,199.989
160,199.99,30.171,199.99099999999999,199.99099999999999,199.99400000000003,7.664,25.421545454545456,8.903875000000001,199.9934999999999,56.98712499999999,199.99052000000006,62.74803448275863,runtime_ham2,30.171,runtime_ham10,199.99,runtime_ham6,199.99099999999999
161,8.11,10.295,199.984,0.461,199.99400000000003,18.348,33.25427272727273,8.903875000000001,199.9934642857142,56.987125,199.99052000000006,64.63844827586206,runtime_ham2,10.295,runtime_ham10,8.11,runtime_ham6,0.461
162,17.055,0.504,199.993,22.500999999999998,199.985,199.995,51.16463636363637,14.075,199.9936785714285,76.62474999999999,199.99184000000005,65.23872413793104,runtime_ham2,0.504,runtime_ham10,17.055,runtime_ham9,199.995
163,18.135,15.29,199.995,8.301,199.987,3.0780000000000003,24.952909090909092,15.181625,199.98975,5.9750000000000005,199.97976,17.213,runtime_ham6,8.301,runtime_ham2,15.29,runtime_ham9,3.0780000000000003
164,3.486,4.687,199.937,0.9890000000000001,199.959,4.105,24.952909090909092,15.181625,199.98975,5.9750000000000005,199.97976,17.213,runtime_ham6,0.9890000000000001,runtime_ham2,4.687,runtime_ham9,4.105
165,199.989,180.141,199.97099999999998,199.99200000000002,199.975,35.021,182.57981818181818,197.50837500000003,199.9857857142857,178.2375,199.98424000000006,119.37858620689659,runtime_ham9,35.021,runtime_ham6,199.99200000000002,runtime_ham10,199.989
166,199.989,199.99,199.988,199.99099999999999,199.985,199.99400000000003,182.57981818181818,199.98975000000004,199.9858214285714,178.23737500000001,199.98428000000004,110.54620689655172,runtime_ham9,199.99400000000003,runtime_ham6,199.99099999999999,runtime_ham10,199.989
167,199.989,199.99,199.97400000000002,199.993,199.983,199.99400000000003,182.57981818181818,197.508375,199.98589285714283,178.2375,199.98428000000007,119.37858620689659,runtime_ham9,199.99400000000003,runtime_ham6,199.993,runtime_ham10,199.989
168,199.989,199.99400000000003,199.97400000000002,199.99,199.987,199.99400000000003,182.57981818181818,199.98975000000002,199.9858571428571,178.23737500000001,199.98428000000004,116.98406896551724,runtime_ham9,199.99400000000003,runtime_ham6,199.99,runtime_ham10,199.989
169,199.989,199.99200000000002,199.955,25.967,199.99400000000003,199.995,182.57981818181818,199.98975000000002,199.98585714285713,178.23737500000001,199.98428000000004,116.9841724137931,runtime_ham9,199.995,runtime_ham6,25.967,runtime_ham10,199.989
170,199.99,199.989,199.989,199.989,199.937,199.99400000000003,182.57981818181818,199.98975000000002,199.9858214285714,178.23737500000001,199.98432000000005,116.9841724137931,runtime_ham9,199.99400000000003,runtime_ham6,199.989,runtime_ham10,199.99
171,199.99,199.99200000000002,199.952,199.99,199.97099999999998,199.995,182.57981818181818,194.23437500000003,199.9858214285714,165.034875,199.98428000000004,116.9841724137931,runtime_ham9,199.995,runtime_ham6,199.99,runtime_ham10,199.99
172,137.491,199.99400000000003,199.949,199.989,199.987,199.99400000000003,182.57981818181818,199.98975000000004,199.98585714285713,178.23737500000001,199.98428000000007,121.82975862068966,runtime_ham9,199.99400000000003,runtime_ham6,199.989,runtime_ham10,137.491
173,199.99,199.977,199.97,199.99,199.96599999999998,199.995,182.57981818181818,194.23475000000002,199.98585714285713,165.035,199.98428000000004,120.23389655172417,runtime_ham9,199.995,runtime_ham6,199.99,runtime_ham10,199.99
174,70.983,153.951,199.99,94.37,199.94299999999998,199.995,182.57981818181818,194.23475000000002,199.9858571428571,165.03500000000003,199.98432000000005,116.98417241379312,runtime_ham9,199.995,runtime_ham6,94.37,runtime_ham10,70.983
175,199.989,199.99200000000002,199.99099999999999,199.99,199.979,199.995,182.57981818181818,191.75325,199.98589285714283,186.787875,199.98428000000007,118.6416206896552,runtime_ham9,199.995,runtime_ham10,199.989,runtime_ham6,199.99
176,9.379,2.9819999999999998,199.99200000000002,2.55,199.987,12.770999999999999,23.37181818181818,5.680625,199.98642857142858,5.547625,199.97992,13.039793103448277,runtime_ham6,2.55,runtime_ham2,2.9819999999999998,runtime_ham9,12.770999999999999
177,14.868,12.936,199.99099999999999,10.889000000000001,199.96099999999998,0.509,23.37181818181818,5.680625,199.98642857142858,5.547625,199.97992,13.039793103448277,runtime_ham6,10.889000000000001,runtime_ham2,12.936,runtime_ham9,0.509
178,3.885,4.779,199.975,5.604,199.988,22.244,23.37181818181818,5.680625,199.98624999999996,5.547625,199.97964,11.373379310344829,runtime_ham6,5.604,runtime_ham2,4.779,runtime_ham9,22.244
179,1.385,7.457999999999999,199.981,6.066,199.987,0.5589999999999999,23.84163636363636,5.680625,199.98621428571423,5.547625,199.97964,11.373379310344829,runtime_ham6,6.066,runtime_ham2,7.457999999999999,runtime_ham9,0.5589999999999999
180,3.3710000000000004,1.422,199.96400000000003,3.955,199.96599999999998,8.267999999999999,23.130181818181818,5.7570000000000014,199.98621428571423,6.460375,199.97963999999996,11.373379310344827,runtime_ham2,1.422,runtime_ham6,3.955,runtime_ham9,8.267999999999999
181,2.18,8.687000000000001,199.99400000000003,14.095999999999998,199.986,11.1,22.44127272727273,5.820249999999999,199.98624999999998,7.030375,199.97792,11.373379310344825,runtime_ham2,8.687000000000001,runtime_ham6,14.095999999999998,runtime_ham9,11.1
182,199.988,9.307,199.965,11.18,199.97299999999998,0.179,22.44127272727273,5.4853749999999994,199.98621428571428,6.972625,199.97792,11.373379310344827,runtime_ham2,9.307,runtime_ham6,11.18,runtime_ham9,0.179
183,6.779,7.8420000000000005,199.99200000000002,6.645,199.953,20.655,22.997818181818186,6.04575,199.98621428571428,6.404124999999999,199.97792000000004,11.355310344827585,runtime_ham2,7.8420000000000005,runtime_ham6,6.645,runtime_ham9,20.655
184,7.042000000000001,3.1180000000000003,199.99099999999999,7.197,199.993,5.039,30.37618181818182,13.702125,199.9860714285714,6.1903749999999995,199.97724000000002,11.355310344827588,runtime_ham6,7.197,runtime_ham9,5.039,runtime_ham2,3.1180000000000003
185,12.21,1.7790000000000001,199.99400000000003,5.87,199.987,37.427,30.37618181818182,13.702125,199.9860714285714,6.1903749999999995,199.97724000000002,11.355310344827588,runtime_ham6,5.87,runtime_ham9,37.427,runtime_ham2,1.7790000000000001
186,5.728,9.262,199.99,1.056,199.97299999999998,35.525999999999996,33.80109090909091,13.318374999999998,199.98621428571423,29.791625000000003,199.97756,17.845758620689658,runtime_ham2,9.262,runtime_ham9,35.525999999999996,runtime_ham6,1.056
187,3.728,6.949,199.99099999999999,1.234,199.96400000000003,24.980999999999998,30.37618181818182,13.318375,199.98621428571423,29.791625000000003,199.97747999999999,17.845758620689658,runtime_ham2,6.949,runtime_ham9,24.980999999999998,runtime_ham6,1.234
188,7.507000000000001,7.525,199.986,11.269,199.987,1.584,17.370636363636365,12.656874999999998,199.98746428571425,28.971375000000002,199.97888,17.37831034482759,runtime_ham2,7.525,runtime_ham10,7.507000000000001,runtime_ham9,1.584
189,0.5579999999999999,63.835,199.99099999999999,5.072,199.988,5.737,17.370636363636365,12.656874999999998,199.98746428571425,28.971375000000002,199.97756,17.378310344827586,runtime_ham2,63.835,runtime_ham10,0.5579999999999999,runtime_ham9,5.737
190,84.01700000000001,6.237,199.99200000000002,199.99,199.987,3.7460000000000004,17.381727272727275,13.450874999999998,199.98864285714282,31.959500000000002,199.97951999999995,17.212999999999997,runtime_ham2,6.237,runtime_ham9,3.7460000000000004,runtime_ham10,84.01700000000001
191,4.401,2.55,199.99099999999999,0.083,199.987,18.827,17.38172727272728,13.450875000000002,199.9885357142857,31.959500000000002,199.9784,18.37189655172414,runtime_ham2,2.55,runtime_ham10,4.401,runtime_ham9,18.827
192,39.854,7.138,199.99,7.167999999999999,199.987,0.39,17.38172727272728,13.450875,199.98864285714282,31.959500000000006,199.98051999999993,18.268793103448278,runtime_ham2,7.138,runtime_ham10,39.854,runtime_ham9,0.39
193,19.253,7.207000000000001,199.995,14.344000000000001,199.987,9.221,17.381727272727275,13.450875,199.98974999999996,31.959500000000006,199.97951999999995,17.212999999999997,runtime_ham2,7.207000000000001,runtime_ham9,9.221,runtime_ham10,19.253
194,6.901,3.853,199.988,16.694000000000003,199.951,31.396,17.381727272727275,13.450875,199.98974999999996,31.959500000000006,199.98051999999996,17.912413793103454,runtime_ham2,3.853,runtime_ham10,6.901,runtime_ham9,31.396
195,4.313,5.992000000000001,199.99099999999999,3.67,199.983,1.3980000000000001,23.84163636363636,5.680625,199.98642857142855,5.547625,199.97964,19.48410344827586,runtime_ham6,3.67,runtime_ham2,5.992000000000001,runtime_ham9,1.3980000000000001
196,3.9,0.569,199.96400000000003,0.467,199.986,21.469,23.37181818181818,5.680625,199.98642857142858,5.547625,199.97964,19.48410344827586,runtime_ham6,0.467,runtime_ham2,0.569,runtime_ham9,21.469
197,16.755,28.898000000000003,199.99,24.141,199.986,9.175,26.972272727272728,12.774125,199.982,16.497625,199.97848000000005,62.596034482758625,runtime_ham2,28.898000000000003,runtime_ham6,24.141,runtime_ham10,16.755
198,2.532,9.185,199.989,7.702999999999999,199.986,146.935,26.972272727272728,12.774125,199.982,16.497625,199.97872000000007,62.596034482758625,runtime_ham2,9.185,runtime_ham6,7.702999999999999,runtime_ham10,2.532
199,2.7969999999999997,8.381,199.995,7.037999999999999,199.989,17.048,26.972272727272728,12.878,199.98203571428567,40.53325,199.97664,65.8333103448276,runtime_ham2,8.381,runtime_ham10,2.7969999999999997,runtime_ham6,7.037999999999999
200,29.299,12.089,199.952,10.185,199.984,6.962000000000001,26.972272727272728,12.878,199.98203571428567,40.53325,199.97664,65.83331034482758,runtime_ham2,12.089,runtime_ham10,29.299,runtime_ham6,10.185
201,0.872,3.5439999999999996,199.99,46.218,199.986,2.4530000000000003,43.400727272727266,8.314,199.98160714285714,43.98725,199.97728000000004,66.15924137931034,runtime_ham2,3.5439999999999996,runtime_ham10,0.872,runtime_ham6,46.218
202,20.818,28.121,199.989,23.544,199.982,87.87100000000001,26.972272727272728,12.627125,199.9821428571428,42.269999999999996,199.977,59.19665517241379,runtime_ham2,28.121,runtime_ham10,20.818,runtime_ham6,23.544
203,6.218,2.025,199.989,4.202,199.977,139.00799999999998,34.368818181818185,29.79975,199.98235714285713,48.528375000000004,199.97572,59.557793103448276,runtime_ham2,2.025,runtime_ham10,6.218,runtime_ham6,4.202
204,66.274,10.016,199.968,199.988,199.953,3.17,34.368818181818185,29.79975,199.98235714285713,48.528375000000004,199.97572,59.557793103448276,runtime_ham2,10.016,runtime_ham10,66.274,runtime_ham6,199.988
205,0.344,22.105999999999998,199.925,5.419,199.959,1.82,36.97309090909091,55.407,199.98235714285713,59.296875,199.97807999999998,58.244,runtime_ham10,0.344,runtime_ham2,22.105999999999998,runtime_ham9,1.82
206,39.4,8.329,199.989,78.834,199.983,55.611999999999995,38.04990909090909,30.850875,199.98235714285713,64.27000000000001,199.97807999999995,58.24399999999999,runtime_ham2,8.329,runtime_ham10,39.4,runtime_ham9,55.611999999999995
207,199.987,180.267,199.99400000000003,43.367,199.985,97.111,51.942727272727275,55.407,199.98242857142856,59.296875,199.97884000000002,58.413413793103445,runtime_ham10,199.987,runtime_ham2,180.267,runtime_ham9,97.111
208,0.013000000000000001,0.022000000000000002,199.938,0.013999999999999999,199.99400000000003,0.013000000000000001,53.26127272727273,55.407,199.98242857142856,59.296875,199.97884000000002,58.413413793103445,runtime_ham10,0.013000000000000001,runtime_ham2,0.022000000000000002,runtime_ham9,0.013000000000000001
209,12.035,20.498,199.99,136.118,199.98,49.79600000000001,47.535727272727264,67.64324999999998,199.98242857142856,40.688375,199.97915999999998,59.58317241379309,runtime_ham6,136.118,runtime_ham10,12.035,runtime_ham9,49.79600000000001
210,43.288999999999994,199.993,199.99,6.433,199.985,79.51100000000001,47.535727272727264,81.062625,199.98242857142856,31.208750000000002,199.97712000000004,59.58317241379309,runtime_ham6,6.433,runtime_ham10,43.288999999999994,runtime_ham9,79.51100000000001
211,17.454,115.684,199.989,2.997,199.983,7.242999999999999,48.72481818181818,60.45412499999999,199.9823571428571,33.918375,199.98024,57.07224137931034,runtime_ham6,2.997,runtime_ham10,17.454,runtime_ham9,7.242999999999999
212,199.988,11.155999999999999,199.98,5.447,199.987,37.251999999999995,63.32372727272727,67.98325,199.98250000000002,36.975249999999996,199.97943999999998,59.62031034482758,runtime_ham6,5.447,runtime_ham9,37.251999999999995,runtime_ham10,199.988
213,2.95,98.775,199.989,49.875,199.938,199.99400000000003,63.323727272727275,60.96124999999999,199.98274999999998,38.163250000000005,199.98044000000002,59.556275862068965,runtime_ham6,49.875,runtime_ham9,199.99400000000003,runtime_ham2,98.775
214,1.215,18.125999999999998,199.97799999999998,20.603,199.99400000000003,25.245,76.25772727272728,60.96125,199.9826428571429,38.16325,199.9814,61.38589655172413,runtime_ham6,20.603,runtime_ham2,18.125999999999998,runtime_ham9,25.245
215,19.299,8.429,199.995,49.888000000000005,199.99400000000003,8.552,88.5241818181818,66.541375,199.98371428571429,34.792249999999996,199.98188000000002,52.37058620689655,runtime_ham6,49.888000000000005,runtime_ham9,8.552,runtime_ham2,8.429
216,199.987,15.029000000000002,199.989,33.945,199.94299999999998,30.346999999999998,88.5241818181818,66.541375,199.98267857142858,34.792249999999996,199.98176,52.37058620689655,runtime_ham6,33.945,runtime_ham9,30.346999999999998,runtime_ham2,15.029000000000002
217,111.38600000000001,9.95,199.96599999999998,8.95,199.97,42.136,26.972272727272728,12.774125,199.98203571428562,16.497625,199.9782,60.11624137931035,runtime_ham2,9.95,runtime_ham6,8.95,runtime_ham10,111.38600000000001
218,55.406000000000006,10.862,199.977,9.77,199.986,134.079,65.68727272727273,52.799125000000004,199.98714285714286,89.747,199.98064,69.11072413793103,runtime_ham2,10.862,runtime_ham10,55.406000000000006,runtime_ham9,134.079
219,36.67,7.652,199.989,6.9079999999999995,199.93599999999998,40.034,65.68727272727273,52.799125000000004,199.98714285714286,89.747,199.98064,65.24444827586207,runtime_ham2,7.652,runtime_ham9,40.034,runtime_ham10,36.67
220,199.988,24.436,199.963,1.9269999999999998,199.986,84.09299999999999,60.776090909090904,52.799125000000004,199.9866428571429,89.747,199.98064,75.92248275862069,runtime_ham2,24.436,runtime_ham10,199.988,runtime_ham9,84.09299999999999
221,84.23299999999999,48.247,199.988,199.987,199.993,32.316,60.776090909090904,54.79075,199.98664285714287,113.882,199.98064,75.92248275862069,runtime_ham2,48.247,runtime_ham10,84.23299999999999,runtime_ham9,32.316
222,18.269000000000002,199.993,199.993,157.512,199.984,34.199,60.776090909090904,52.799125000000004,199.98664285714287,89.747,199.98064,75.92248275862069,runtime_ham2,199.993,runtime_ham10,18.269000000000002,runtime_ham9,34.199
223,16.015,15.074000000000002,199.989,40.437,199.99200000000002,9.132,88.767,78.43199999999999,199.98664285714287,137.65925000000001,199.98059999999998,75.92248275862069,runtime_ham9,9.132,runtime_ham2,15.074000000000002,runtime_ham10,16.015
224,0.149,107.788,199.989,101.449,199.985,37.008,88.767,78.90200000000002,199.9866428571429,137.65925000000001,199.98064,75.92248275862069,runtime_ham9,37.008,runtime_ham2,107.788,runtime_ham10,0.149
225,42.585,8.341000000000001,199.99,199.986,199.97099999999998,199.99400000000003,72.632,78.795625,199.98689285714295,162.416875,199.9808,72.80562068965517,runtime_ham10,42.585,runtime_ham9,199.99400000000003,runtime_ham2,8.341000000000001
226,40.196999999999996,23.585,199.97400000000002,199.988,199.984,47.481,76.59681818181818,58.148875,199.9869285714286,156.062625,199.98355999999995,73.14075862068967,runtime_ham2,23.585,runtime_ham9,47.481,runtime_ham10,40.196999999999996
227,38.031,27.345,199.995,199.988,199.97799999999998,2.427,87.11999999999999,57.91675,199.9867142857143,152.33212500000002,199.98355999999995,73.00010344827585,runtime_ham2,27.345,runtime_ham9,2.427,runtime_ham10,38.031
228,136.994,199.99200000000002,199.99099999999999,199.988,199.982,19.608,87.11999999999999,57.91674999999999,199.9874642857143,152.332125,199.98267999999996,73.00010344827585,runtime_ham2,199.99200000000002,runtime_ham9,19.608,runtime_ham10,136.994
229,199.987,2.734,199.995,8.138,199.935,61.351000000000006,87.11999999999999,57.91675,199.9865714285714,152.33212500000002,199.98203999999998,73.00010344827587,runtime_ham2,2.734,runtime_ham9,61.351000000000006,runtime_ham10,199.987
230,199.989,47.645,199.988,199.988,199.972,41.782,87.11999999999999,57.91675,199.98657142857147,152.33212500000002,199.98064,73.00010344827587,runtime_ham2,47.645,runtime_ham9,41.782,runtime_ham10,199.989
231,22.503,140.475,199.995,199.988,199.972,199.99400000000003,87.11999999999999,81.873125,199.98414285714284,152.332375,199.98039999999995,72.5556896551724,runtime_ham9,199.99400000000003,runtime_ham2,140.475,runtime_ham10,22.503
232,61.882,13.217,199.99200000000002,10.593,199.985,107.286,111.60699999999999,81.87312500000002,199.98603571428572,152.332375,199.98044,70.62779310344828,runtime_ham9,107.286,runtime_ham2,13.217,runtime_ham10,61.882
233,199.988,199.99200000000002,199.976,199.988,199.985,199.993,117.95063636363635,103.92425000000001,199.98346428571423,152.33225000000002,199.97979999999998,67.72713793103449,runtime_ham9,199.993,runtime_ham2,199.99200000000002,runtime_ham10,199.988
234,64.928,3.7460000000000004,199.99099999999999,199.983,199.989,199.99400000000003,97.47172727272728,152.48362500000002,199.98953571428572,193.16862500000002,199.98552,92.84468965517246,runtime_ham9,199.99400000000003,runtime_ham10,64.928,runtime_ham2,3.7460000000000004
235,103.89200000000001,16.162,199.988,199.983,199.988,199.99400000000003,97.47172727272728,152.48362500000002,199.98953571428572,193.16862500000002,199.98552,92.84468965517244,runtime_ham9,199.99400000000003,runtime_ham10,103.89200000000001,runtime_ham2,16.162
236,152.025,199.99400000000003,199.99,199.983,199.986,199.993,101.77190909090909,152.483625,199.9895357142857,193.16862500000002,199.98552,92.84468965517246,runtime_ham9,199.993,runtime_ham10,152.025,runtime_ham2,199.99400000000003
237,95.494,199.99400000000003,199.99099999999999,199.982,199.99200000000002,199.99099999999999,101.7719090909091,152.483625,199.98942857142856,193.16862500000002,199.98552,92.84468965517246,runtime_ham9,199.99099999999999,runtime_ham10,95.494,runtime_ham2,199.99400000000003
238,142.082,65.377,199.99200000000002,3.168,199.99200000000002,10.252,105.24381818181816,57.20325,199.98842857142856,37.8205,199.98340000000007,43.07855172413793,runtime_ham6,3.168,runtime_ham9,10.252,runtime_ham2,65.377
239,86.932,21.066,199.995,62.408,199.99,20.064,115.02663636363637,57.203250000000004,199.9887857142857,37.8205,199.98400000000004,43.07855172413793,runtime_ham6,62.408,runtime_ham9,20.064,runtime_ham2,21.066
240,110.984,23.195999999999998,199.995,56.136,199.99400000000003,81.212,107.19554545454544,51.54425,199.98874999999998,38.539375,199.98268,39.42427586206897,runtime_ham6,56.136,runtime_ham9,81.212,runtime_ham2,23.195999999999998
241,91.544,104.662,199.99200000000002,1.994,199.99400000000003,199.99400000000003,107.19554545454544,51.54425,199.98989285714285,38.539375,199.98440000000002,32.435793103448276,runtime_ham9,199.99400000000003,runtime_ham6,1.994,runtime_ham2,104.662
242,109.78200000000001,18.827,199.993,17.904,199.99099999999999,2.781,107.19554545454544,90.73737499999999,199.99042857142854,59.461999999999996,199.98564000000002,31.980896551724125,runtime_ham9,2.781,runtime_ham6,17.904,runtime_ham2,18.827
243,94.38,148.3,199.995,36.846,199.99400000000003,43.055,95.44863636363635,90.737375,199.99017857142854,59.462,199.98648,32.489206896551714,runtime_ham9,43.055,runtime_ham6,36.846,runtime_ham2,148.3
244,155.876,7.8389999999999995,199.995,122.272,199.99400000000003,19.904,95.44863636363638,90.737375,199.98989285714285,59.462,199.98488,30.662586206896542,runtime_ham9,19.904,runtime_ham6,122.272,runtime_ham2,7.8389999999999995
245,101.073,199.995,199.99200000000002,63.508,199.993,21.906,95.32799999999999,90.737375,199.98964285714285,59.46200000000001,199.98488,36.79189655172413,runtime_ham9,21.906,runtime_ham6,63.508,runtime_ham2,199.995
246,69.241,23.087,199.99200000000002,7.587000000000001,199.993,36.453,95.32799999999999,90.737375,199.98989285714285,59.46200000000001,199.98376000000005,30.662586206896542,runtime_ham9,36.453,runtime_ham6,7.587000000000001,runtime_ham2,23.087
247,82.31299999999999,199.993,199.993,169.449,199.99,199.99400000000003,95.61036363636363,90.737375,199.98964285714285,59.462,199.98488,43.669,runtime_ham9,199.99400000000003,runtime_ham6,169.449,runtime_ham2,199.993
248,142.618,65.139,199.995,109.15,199.99099999999999,9.381,89.57954545454545,30.934375,199.98585714285718,54.652,199.98300000000003,50.49872413793104,runtime_ham2,65.139,runtime_ham9,9.381,runtime_ham6,109.15
249,126.91,9.852,199.989,96.389,199.993,53.531000000000006,89.08690909090909,26.759625,199.9855357142857,48.813625,199.98448000000008,50.460137931034474,runtime_ham2,9.852,runtime_ham6,96.389,runtime_ham9,53.531000000000006
250,134.944,11.059000000000001,199.993,14.958,199.99400000000003,7.34,89.57954545454545,37.875,199.98432142857146,42.99937500000001,199.98300000000006,50.474,runtime_ham2,11.059000000000001,runtime_ham6,14.958,runtime_ham9,7.34
251,111.76899999999999,199.99400000000003,199.993,199.987,199.99,17.037,96.99099999999999,169.89724999999999,199.98774999999995,182.59575,199.98384000000001,73.93337931034485,runtime_ham9,17.037,runtime_ham10,111.76899999999999,runtime_ham2,199.99400000000003
252,102.959,199.993,199.993,199.987,199.99,14.708,103.55172727272726,169.89725,199.98689285714286,182.59575,199.98184,74.43665517241381,runtime_ham9,14.708,runtime_ham10,102.959,runtime_ham2,199.993
253,133.513,199.993,199.993,199.984,199.99099999999999,199.993,103.55172727272726,169.89724999999999,199.9879285714285,182.59575,199.98384000000001,74.4366551724138,runtime_ham9,199.993,runtime_ham10,133.513,runtime_ham2,199.993
254,95.26100000000001,199.99400000000003,199.993,115.389,199.99,126.119,103.55172727272726,169.897375,199.98774999999998,189.41162500000002,199.98184,73.06827586206899,runtime_ham9,126.119,runtime_ham10,95.26100000000001,runtime_ham2,199.99400000000003
255,64.888,136.483,199.993,199.986,199.99,107.655,103.74863636363635,169.897375,199.98774999999998,189.41162500000002,199.98184,73.93337931034485,runtime_ham9,107.655,runtime_ham10,64.888,runtime_ham2,136.483
256,102.708,199.99400000000003,199.993,199.987,199.99099999999999,51.035,103.55172727272729,169.897375,199.98792857142857,189.41162500000002,199.98384000000004,73.06827586206899,runtime_ham9,51.035,runtime_ham10,102.708,runtime_ham2,199.99400000000003
257,146.67600000000002,22.734,199.993,199.986,199.99099999999999,199.99400000000003,115.53218181818184,169.89750000000004,199.98646428571425,172.29975,199.98348000000004,73.11955172413793,runtime_ham9,199.99400000000003,runtime_ham10,146.67600000000002,runtime_ham2,22.734
258,138.845,199.99400000000003,199.993,199.987,199.99099999999999,56.54600000000001,115.5321818181818,146.55025000000003,199.98646428571425,148.626,199.98276000000004,73.11955172413795,runtime_ham9,56.54600000000001,runtime_ham10,138.845,runtime_ham2,199.99400000000003
259,112.365,199.99400000000003,199.995,63.092,199.99099999999999,56.475,115.5321818181818,146.55025,199.98817857142853,148.62599999999998,199.98252000000005,74.59406896551727,runtime_ham9,56.475,runtime_ham10,112.365,runtime_ham2,199.99400000000003
260,92.054,199.993,199.99200000000002,145.46,199.99099999999999,12.177999999999999,92.87790909090909,173.086375,199.9890714285714,182.59587500000004,199.98188,78.99182758620691,runtime_ham9,12.177999999999999,runtime_ham10,92.054,runtime_ham2,199.993
261,141.18200000000002,51.703,4.904,81.22,148.35,199.99599999999998,114.59181818181823,126.161,50.29857142857143,89.12875,87.46288,91.55713793103448,runtime_ham4,4.904,runtime_ham8,148.35,runtime_ham6,81.22
262,132.273,199.99200000000002,1.466,199.993,9.033999999999999,199.99599999999998,98.35609090909092,90.478625,44.35849999999999,90.8775,76.8524,83.10189655172415,runtime_ham4,1.466,runtime_ham8,9.033999999999999,runtime_ham9,199.99599999999998
263,185.528,156.517,59.119,91.162,199.995,0.7809999999999999,103.731,130.49275,49.374071428571426,90.23825000000001,93.48296,89.444,runtime_ham4,59.119,runtime_ham9,0.7809999999999999,runtime_ham6,91.162
264,62.428000000000004,1.173,15.335999999999999,199.99400000000003,199.995,199.99400000000003,113.05018181818181,76.119,42.96439285714285,84.305,81.13128,82.3093103448276,runtime_ham4,15.335999999999999,runtime_ham2,1.173,runtime_ham8,199.995
265,82.759,199.97400000000002,3.23,49.166000000000004,199.995,12.171,110.73872727272727,106.889,48.77610714285716,90.238625,89.04832,74.84979310344828,runtime_ham4,3.23,runtime_ham9,12.171,runtime_ham8,199.995
266,90.586,22.354,10.092,199.995,8.112,144.66299999999998,98.44054545454547,70.048625,15.968964285714291,54.957125,30.43848,70.5756551724138,runtime_ham4,10.092,runtime_ham8,8.112,runtime_ham6,199.995
267,51.792,199.99400000000003,14.399000000000001,199.993,0.818,199.99400000000003,88.29563636363636,111.352,49.350821428571415,148.11812500000002,78.86615999999998,81.06210344827588,runtime_ham4,14.399000000000001,runtime_ham8,0.818,runtime_ham9,199.99400000000003
268,150.233,3.699,25.316999999999997,199.993,3.668,24.013,110.18063636363637,117.43025000000002,48.51146428571429,87.022875,85.19671999999998,89.39020689655175,runtime_ham4,25.316999999999997,runtime_ham8,3.668,runtime_ham6,199.993
269,139.465,199.99599999999998,12.324000000000002,63.64,199.99400000000003,199.99599999999998,116.32536363636363,93.92174999999999,41.88960714285713,60.515125,86.05351999999999,85.47306896551724,runtime_ham4,12.324000000000002,runtime_ham6,63.64,runtime_ham9,199.99599999999998
270,159.194,42.053999999999995,117.47,9.587,42.318000000000005,189.075,105.72990909090909,94.123625,46.99160714285714,56.78262500000001,88.15983999999999,76.54041379310344,runtime_ham4,117.47,runtime_ham6,9.587,runtime_ham9,189.075
271,146.394,59.96,60.136,3.781,11.318,3.325,106.73854545454547,98.79287500000001,46.7562857142857,94.569875,77.76500000000001,88.97958620689657,runtime_ham4,60.136,runtime_ham8,11.318,runtime_ham9,3.325
272,121.083,77.59,151.299,7.23,193.951,24.04,105.92881818181817,126.12925,42.800642857142854,61.731249999999996,78.52732,77.46762068965519,runtime_ham4,151.299,runtime_ham6,7.23,runtime_ham9,24.04
273,52.818000000000005,4.505,99.98700000000001,68.122,199.99400000000003,27.361,92.92681818181819,79.257875,56.410000000000004,59.588625,94.98071999999998,64.69024137931035,runtime_ham4,99.98700000000001,runtime_ham6,68.122,runtime_ham9,27.361
274,47.128,199.99599999999998,170.361,84.68,199.99400000000003,199.99599999999998,84.59772727272727,95.37525,40.83317857142857,58.280375,79.62396000000001,60.43313793103448,runtime_ham4,170.361,runtime_ham6,84.68,runtime_ham9,199.99599999999998
275,71.166,199.99599999999998,48.005,199.99099999999999,49.711999999999996,0.187,92.77745454545455,113.118,41.15492857142856,68.966875,78.40651999999999,68.59824137931034,runtime_ham4,48.005,runtime_ham9,0.187,runtime_ham6,199.99099999999999
276,123.421,1.369,9.026,5.121,7.074,61.295,117.60154545454543,16.622,54.135071428571415,43.24937499999999,99.89712,61.98331034482757,runtime_ham2,1.369,runtime_ham6,5.121,runtime_ham4,9.026
277,52.523999999999994,19.819000000000003,3.957,4.1419999999999995,6.776,17.073,81.02727272727272,93.90787499999999,40.23064285714286,65.42587499999999,87.75604,67.11058620689656,runtime_ham4,3.957,runtime_ham6,4.1419999999999995,runtime_ham9,17.073
278,47.258,129.22899999999998,76.455,88.17299999999999,2.244,199.995,76.87299999999999,89.059875,41.16189285714286,52.14325,70.38652,76.8312068965517,runtime_ham4,76.455,runtime_ham6,88.17299999999999,runtime_ham8,2.244
279,112.21600000000001,20.65,18.764,84.134,13.742,1.879,102.22472727272726,108.31137499999998,51.57521428571427,95.5555,84.69632000000001,61.69510344827587,runtime_ham4,18.764,runtime_ham9,1.879,runtime_ham8,13.742
280,44.89,0.126,4.027,73.253,6.245,59.396,81.91581818181818,76.45975,56.19017857142858,82.28424999999999,81.9066,58.75824137931035,runtime_ham4,4.027,runtime_ham9,59.396,runtime_ham2,0.126
281,136.614,165.389,9.343,123.686,27.961,12.959000000000001,89.65081818181818,63.22937499999999,48.23957142857142,88.729125,87.93780000000002,62.917068965517245,runtime_ham4,9.343,runtime_ham9,12.959000000000001,runtime_ham2,165.389
282,67.39,15.985999999999999,8.679,7.526,1.176,6.348,67.87927272727273,62.746125,36.4425,34.97325,53.53484,66.91703448275862,runtime_ham6,7.526,runtime_ham4,8.679,runtime_ham8,1.176
283,56.383,9.907,5.966,21.621,68.71600000000001,3.565,73.82618181818181,59.346999999999994,43.736428571428576,66.47425,47.59564,60.50741379310345,runtime_ham4,5.966,runtime_ham8,68.71600000000001,runtime_ham2,9.907
284,53.513000000000005,43.833,3.0460000000000003,68.85,24.026,20.493000000000002,77.57636363636362,32.579625,44.435107142857156,66.606,47.00584,52.333137931034486,runtime_ham2,43.833,runtime_ham4,3.0460000000000003,runtime_ham8,24.026
285,77.169,54.872,130.221,18.371,116.471,19.992,101.84463636363635,11.962875,43.286107142857134,37.731624999999994,60.281400000000005,64.37555172413792,runtime_ham2,54.872,runtime_ham6,18.371,runtime_ham4,130.221
286,65.002,46.382,2.19,74.37899999999999,2.529,1.713,98.44054545454546,70.048625,23.06760714285715,54.957125000000005,31.087199999999992,75.45396551724137,runtime_ham4,2.19,runtime_ham8,2.529,runtime_ham6,74.37899999999999
287,132.102,130.476,16.918,5.817,21.385,5.468999999999999,88.16672727272727,49.802375,36.85160714285714,73.41537500000001,39.45212000000001,57.81303448275862,runtime_ham4,16.918,runtime_ham8,21.385,runtime_ham2,130.476
288,169.986,54.903999999999996,24.006,48.755,14.21,27.607,98.44054545454547,70.048625,23.067607142857145,54.957125,30.994759999999996,70.57565517241379,runtime_ham4,24.006,runtime_ham8,14.21,runtime_ham6,48.755
289,134.894,4.232,198.365,1.7169999999999999,4.117,9.125,97.83709090909089,9.517249999999999,50.60010714285715,59.066750000000006,59.90864000000001,45.50703448275861,runtime_ham2,4.232,runtime_ham9,9.125,runtime_ham4,198.365
290,122.555,55.571999999999996,1.421,11.686,179.419,9.711,88.37336363636364,54.513875,42.94782142857143,68.57925,46.19068,47.13020689655172,runtime_ham4,1.421,runtime_ham8,179.419,runtime_ham9,9.711
291,127.40799999999999,5.167999999999999,32.207,85.69,193.237,3.824,117.68863636363639,9.076125,45.77785714285714,65.0795,57.757480000000015,35.27686206896552,runtime_ham2,5.167999999999999,runtime_ham9,3.824,runtime_ham4,32.207
292,45.233000000000004,148.57299999999998,10.29,24.59,9.317,3.0980000000000003,99.41545454545454,70.04862499999999,22.902142857142856,54.957125,29.96028,70.57565517241379,runtime_ham4,10.29,runtime_ham8,9.317,runtime_ham6,24.59
293,49.611000000000004,19.785999999999998,6.754,44.498000000000005,61.574,19.658,98.44054545454547,70.048625,22.320035714285716,54.957125,31.054759999999998,70.57565517241379,runtime_ham4,6.754,runtime_ham8,61.574,runtime_ham6,44.498000000000005
294,70.71300000000001,83.32799999999999,25.497,78.60600000000001,13.755,199.995,79.91463636363636,47.1755,38.58260714285716,59.60662500000001,45.85280000000001,55.032724137931034,runtime_ham4,25.497,runtime_ham8,13.755,runtime_ham2,83.32799999999999
295,72.27,48.735,4.277,146.078,95.421,49.857,101.71227272727273,51.754749999999994,45.177571428571426,79.80475000000001,55.66255999999999,49.621896551724134,runtime_ham4,4.277,runtime_ham9,49.857,runtime_ham2,48.735
296,112.67399999999999,4.669,3.696,199.99400000000003,169.237,116.973,93.34899999999999,50.456375,41.569964285714285,53.211875,47.85508,47.947586206896545,runtime_ham4,3.696,runtime_ham8,169.237,runtime_ham9,116.973
297,199.99400000000003,195.315,185.28400000000002,30.958000000000002,3.0639999999999996,80.829,104.765,73.101125,38.62046428571428,67.670875,40.92752,50.137827586206896,runtime_ham4,185.28400000000002,runtime_ham8,3.0639999999999996,runtime_ham9,80.829
298,161.148,1.197,26.548000000000002,20.266,3.451,9.033999999999999,104.59736363636362,35.636,47.54807142857144,82.79625,51.87744000000001,36.74724137931034,runtime_ham2,1.197,runtime_ham9,9.033999999999999,runtime_ham4,26.548000000000002
299,50.49100000000001,3.072,3.656,13.093,4.17,1.4409999999999998,80.72654545454544,45.723375,37.192321428571425,50.462250000000004,40.09772,54.08889655172415,runtime_ham4,3.656,runtime_ham8,4.17,runtime_ham2,3.072
300,46.615,74.399,152.049,53.263999999999996,5.591,16.453,94.67345454545453,47.176125,37.192321428571425,48.950875,45.86836,60.4631724137931,runtime_ham4,152.049,runtime_ham8,5.591,runtime_ham2,74.399
301,157.336,66.804,25.691999999999997,9.943,7.369,6.855,98.44054545454547,70.048625,23.06760714285715,54.957125000000005,31.087200000000003,70.57565517241379,runtime_ham4,25.691999999999997,runtime_ham8,7.369,runtime_ham6,9.943
302,119.23100000000001,33.733000000000004,20.646,30.976,0.49700000000000005,69.567,113.58090909090907,68.127625,29.64160714285715,48.572874999999996,38.127320000000005,49.57306896551724,runtime_ham4,20.646,runtime_ham8,0.49700000000000005,runtime_ham6,30.976
303,58.05,0.276,49.347,122.90899999999999,26.019000000000002,69.944,97.68263636363636,57.175625000000004,36.68417857142857,68.580375,37.7298,45.80379310344827,runtime_ham4,49.347,runtime_ham8,26.019000000000002,runtime_ham9,69.944
304,132.372,4.364,87.03399999999999,19.617,17.195,81.86,97.60672727272727,57.175625000000004,36.47992857142858,68.580375,38.11632,52.327931034482766,runtime_ham4,87.03399999999999,runtime_ham8,17.195,runtime_ham9,81.86
305,47.394,15.981,9.806000000000001,92.772,33.199,6.472,94.32336363636364,53.94050000000001,29.758642857142863,71.385125,34.473760000000006,51.54093103448277,runtime_ham4,9.806000000000001,runtime_ham8,33.199,runtime_ham9,6.472
306,68.11399999999999,49.026,50.15,199.995,5.457999999999999,167.642,116.19290909090908,46.860625,31.137500000000006,88.90650000000001,39.470040000000004,83.12862068965515,runtime_ham4,50.15,runtime_ham8,5.457999999999999,runtime_ham2,49.026
307,52.503,19.613,9.676,0.494,2.633,9.422,109.26218181818182,67.026,31.763857142857145,65.436375,31.027040000000003,57.71489655172413,runtime_ham8,2.633,runtime_ham4,9.676,runtime_ham9,9.422
308,164.593,12.659,40.555,21.541999999999998,17.51,199.99599999999998,102.28954545454545,67.23375,31.074892857142856,41.96175,34.12643999999999,48.435827586206884,runtime_ham4,40.555,runtime_ham8,17.51,runtime_ham6,21.541999999999998
309,47.122,199.995,1.33,38.324,49.36,14.008,100.296,60.49037500000001,31.637428571428575,55.24725000000001,38.47696,46.545827586206904,runtime_ham4,1.33,runtime_ham8,49.36,runtime_ham9,14.008
310,140.222,90.50200000000001,18.236,9.775,20.528000000000002,74.191,89.25054545454545,34.289625,30.307571428571432,24.831625,24.75404,56.496206896551726,runtime_ham8,20.528000000000002,runtime_ham6,9.775,runtime_ham4,18.236
311,68.268,6.261,14.905999999999999,4.046,0.37799999999999995,20.951,91.05481818181819,45.521375000000006,29.5855,28.686999999999998,32.425399999999996,43.073241379310346,runtime_ham6,4.046,runtime_ham4,14.905999999999999,runtime_ham8,0.37799999999999995
312,57.218,53.43,16.065,25.636,27.004,69.095,94.13154545454545,53.984750000000005,25.765857142857136,15.1145,32.54744000000001,49.37289655172414,runtime_ham6,25.636,runtime_ham4,16.065,runtime_ham8,27.004
313,50.282,2.063,4.2,1.5019999999999998,3.658,18.447,94.93599999999998,30.726750000000003,36.33696428571428,10.728874999999999,32.24963999999999,50.60637931034483,runtime_ham6,1.5019999999999998,runtime_ham2,2.063,runtime_ham8,3.658
314,57.788999999999994,7.72,1.929,5.091,8.004,41.379,98.53554545454546,33.516625,29.512821428571435,27.660625000000003,24.34036,49.78837931034483,runtime_ham8,8.004,runtime_ham6,5.091,runtime_ham4,1.929
315,97.855,7.28,3.412,7.687,18.311,29.34,103.57981818181817,27.208249999999996,36.97039285714285,19.0315,35.7944,48.458137931034486,runtime_ham6,7.687,runtime_ham2,7.28,runtime_ham8,18.311
316,173.19400000000002,13.931,29.622,3.239,13.071,18.895,103.57981818181817,29.762249999999998,49.17775,10.093000000000002,35.794399999999996,58.942482758620685,runtime_ham6,3.239,runtime_ham2,13.931,runtime_ham8,13.071
317,71.133,199.995,6.985,17.712,28.785,199.99599999999998,98.44054545454546,69.856625,22.45114285714286,36.346000000000004,31.054759999999998,75.88962068965517,runtime_ham4,6.985,runtime_ham8,28.785,runtime_ham6,17.712
318,139.659,1.591,53.388999999999996,19.785,9.254,169.143,108.92436363636362,84.14249999999998,28.46853571428571,44.079375,36.8866,69.57089655172413,runtime_ham4,53.388999999999996,runtime_ham8,9.254,runtime_ham6,19.785
319,153.972,20.818,14.559000000000001,51.106,6.059,77.607,97.4119090909091,78.54524999999998,28.47935714285714,38.128125000000004,38.72372,72.2018275862069,runtime_ham4,14.559000000000001,runtime_ham6,51.106,runtime_ham8,6.059
320,74.32,68.64699999999999,76.3,82.46600000000001,68.77199999999999,54.49,92.71527272727275,38.107,39.31699999999999,35.727125,46.3982,56.967965517241375,runtime_ham6,82.46600000000001,runtime_ham2,68.64699999999999,runtime_ham4,76.3
321,134.887,98.727,188.567,110.898,199.993,102.044,106.56527272727273,44.603249999999996,46.34535714285715,37.015875,61.63408,51.770275862068964,runtime_ham6,110.898,runtime_ham2,98.727,runtime_ham4,188.567
322,195.18400000000003,10.126,50.646,1.145,23.386,57.786,106.6471818181818,80.249,30.362035714285717,85.14725,66.02431999999997,77.68355172413791,runtime_ham4,50.646,runtime_ham8,23.386,runtime_ham9,57.786
323,199.99200000000002,132.514,163.809,125.805,199.99400000000003,179.487,79.24109090909091,70.2695,51.26510714285713,56.82575,64.78648,51.21068965517242,runtime_ham9,179.487,runtime_ham4,163.809,runtime_ham6,125.805
324,154.686,26.249000000000002,8.199,44.658,48.67,12.267000000000001,110.21181818181817,42.44325,29.929142857142864,80.33725000000001,53.838680000000004,80.82406896551724,runtime_ham4,8.199,runtime_ham2,26.249000000000002,runtime_ham8,48.67
325,62.97,160.66899999999998,28.214000000000002,136.246,20.869,199.99400000000003,88.67081818181819,50.929125,33.95814285714287,82.07862499999999,58.34899999999999,82.38775862068964,runtime_ham4,28.214000000000002,runtime_ham2,160.66899999999998,runtime_ham8,20.869
326,43.349,0.308,15.55,45.765,30.323,75.119,106.92936363636365,64.35125,33.653214285714284,100.674125,66.02431999999999,81.44610344827585,runtime_ham4,15.55,runtime_ham2,0.308,runtime_ham8,30.323
327,88.08200000000001,199.995,7.473,199.993,14.784,24.837,106.63318181818182,103.96074999999999,25.130285714285716,103.24612499999999,50.57284,73.26431034482758,runtime_ham4,7.473,runtime_ham8,14.784,runtime_ham9,24.837
328,52.246,48.489,16.332,199.99099999999999,165.168,167.903,94.69790909090908,127.08412499999999,31.839607142857147,97.86699999999999,50.788520000000005,76.2133448275862,runtime_ham4,16.332,runtime_ham8,165.168,runtime_ham9,167.903
329,63.696000000000005,3.108,24.975,199.99099999999999,199.993,199.99599999999998,107.55100000000002,73.00287499999999,33.16432142857143,81.00675,74.25472000000002,82.36655172413795,runtime_ham4,24.975,runtime_ham2,3.108,runtime_ham8,199.993
330,92.43299999999999,42.481,3.451,144.0,40.048,80.472,93.43445454545454,43.164249999999996,42.89985714285714,102.57912499999999,86.64119999999997,94.79044827586208,runtime_ham4,3.451,runtime_ham2,42.481,runtime_ham8,40.048
331,165.18599999999998,77.304,183.232,199.993,163.95,16.809,93.43445454545454,64.78824999999999,41.885071428571436,99.86850000000001,80.19427999999999,88.98127586206894,runtime_ham4,183.232,runtime_ham2,77.304,runtime_ham8,163.95
332,50.926,190.003,8.289,199.99099999999999,3.647,26.131,107.90945454545454,107.22524999999999,36.955357142857146,125.026,77.6358,78.89375862068967,runtime_ham4,8.289,runtime_ham8,3.647,runtime_ham9,26.131
333,54.089,199.99599999999998,199.995,27.147,3.6489999999999996,56.982,94.16945454545454,59.44649999999999,41.13528571428571,111.43737499999999,80.27431999999999,86.9475172413793,runtime_ham4,199.995,runtime_ham2,199.99599999999998,runtime_ham8,3.6489999999999996
334,50.998999999999995,10.818,19.273,2.5980000000000003,18.367,52.537,101.84427272727272,45.49437499999999,33.51685714285714,68.47475000000001,65.20723999999998,82.5357931034483,runtime_ham4,19.273,runtime_ham2,10.818,runtime_ham8,18.367
335,123.805,7.4,5.8660000000000005,0.711,30.322,27.569000000000003,102.7190909090909,119.69,34.60671428571429,95.25,65.64219999999999,84.83396551724138,runtime_ham4,5.8660000000000005,runtime_ham8,30.322,runtime_ham9,27.569000000000003
336,95.194,49.748000000000005,199.99099999999999,3.6710000000000003,199.993,199.99400000000003,76.62354545454546,76.457875,199.99421428571424,58.365375,199.99268000000004,81.26820689655173,runtime_ham6,3.6710000000000003,runtime_ham2,49.748000000000005,runtime_ham10,95.194
337,157.606,10.455,199.995,53.506,199.99200000000002,99.079,83.31027272727273,53.813250000000004,199.99407142857135,118.71799999999999,199.99268000000006,74.0385172413793,runtime_ham2,10.455,runtime_ham9,99.079,runtime_ham10,157.606
338,58.08,80.715,199.99200000000002,7.382999999999999,199.993,199.995,81.88681818181819,103.75375,199.99424999999997,60.848375,199.9926,81.05410344827587,runtime_ham6,7.382999999999999,runtime_ham9,199.995,runtime_ham10,58.08
339,56.29600000000001,41.571000000000005,199.99400000000003,130.785,199.993,7.893,80.19827272727274,65.786125,199.9940714285714,116.41425000000001,199.99268000000004,81.41665517241381,runtime_ham2,41.571000000000005,runtime_ham10,56.29600000000001,runtime_ham9,7.893
340,48.916000000000004,199.99400000000003,199.99400000000003,118.992,199.993,9.808,75.58154545454545,87.08949999999999,199.99410714285713,67.829875,199.99272000000005,87.79100000000001,runtime_ham6,118.992,runtime_ham10,48.916000000000004,runtime_ham2,199.99400000000003
341,109.934,87.01100000000001,199.995,147.373,199.993,21.017,77.921,61.101375000000004,199.99424999999997,56.539875,199.99268000000004,80.18206896551723,runtime_ham6,147.373,runtime_ham2,87.01100000000001,runtime_ham10,109.934
342,109.84700000000001,104.212,199.995,82.368,199.993,32.94,75.73781818181818,81.65875,199.99417857142856,37.3675,199.99268000000004,88.07744827586207,runtime_ham6,82.368,runtime_ham10,109.84700000000001,runtime_ham2,104.212
343,105.01,127.161,199.995,16.558,199.99200000000002,52.053000000000004,80.08172727272728,82.86375,199.99421428571424,65.3245,199.99268000000004,81.23917241379311,runtime_ham6,16.558,runtime_ham10,105.01,runtime_ham9,52.053000000000004
344,42.849,163.91099999999997,199.99400000000003,58.846000000000004,199.993,199.995,79.81172727272725,68.972875,199.99424999999997,78.78550000000001,199.99272000000002,86.65368965517244,runtime_ham2,163.91099999999997,runtime_ham6,58.846000000000004,runtime_ham10,42.849
345,42.685,20.36,199.99400000000003,199.99,199.993,20.693,75.062,72.61625000000001,199.99421428571424,85.45012500000001,199.99268000000004,81.03875862068966,runtime_ham2,20.36,runtime_ham10,42.685,runtime_ham9,20.693
346,50.368,4.309,199.995,1.954,199.993,3.6289999999999996,69.82272727272726,88.234375,199.99424999999997,81.5295,199.99272000000005,79.90144827586208,runtime_ham10,50.368,runtime_ham9,3.6289999999999996,runtime_ham6,1.954
347,71.645,0.535,199.99400000000003,1.192,199.993,47.802,70.67272727272729,83.50375,199.99417857142856,36.34625,199.99268000000006,87.7398275862069,runtime_ham6,1.192,runtime_ham10,71.645,runtime_ham2,0.535
348,108.331,141.921,199.995,8.388,199.993,25.601,76.6352727272727,98.91225,199.99424999999997,58.365375,199.99268000000004,82.08872413793101,runtime_ham6,8.388,runtime_ham10,108.331,runtime_ham9,25.601
349,100.191,3.4,199.99400000000003,15.359000000000002,199.993,13.867,78.3688181818182,87.0895,199.99417857142856,67.829875,199.99272000000005,87.73982758620691,runtime_ham6,15.359000000000002,runtime_ham10,100.191,runtime_ham2,3.4
350,57.121,199.995,199.99400000000003,199.99,199.993,13.294,65.63645454545454,54.51462500000001,199.99421428571424,74.20050000000002,199.99276,77.54510344827588,runtime_ham2,199.995,runtime_ham10,57.121,runtime_ham6,199.99
351,45.096000000000004,51.614,199.995,162.921,199.99099999999999,199.99200000000002,83.21136363636366,67.042125,199.99407142857143,68.66837500000001,199.99268000000004,80.89865517241378,runtime_ham2,51.614,runtime_ham6,162.921,runtime_ham9,199.99200000000002
352,59.625,24.633000000000003,199.995,56.66,199.993,57.994,77.6268181818182,89.9335,199.99417857142853,61.704625,199.99268000000004,76.99706896551724,runtime_ham6,56.66,runtime_ham9,57.994,runtime_ham10,59.625
353,95.18,68.164,199.99400000000003,26.305,199.993,59.47,64.10190909090909,74.194125,199.99421428571424,45.137249999999995,199.99268000000004,83.92510344827588,runtime_ham6,26.305,runtime_ham10,95.18,runtime_ham2,68.164
354,115.40100000000001,1.765,199.99200000000002,199.99,199.993,34.666,83.40463636363637,84.17700000000002,199.99407142857143,99.98112499999999,194.26020000000005,77.01358620689655,runtime_ham9,34.666,runtime_ham10,115.40100000000001,runtime_ham2,1.765
355,86.956,55.062,199.99400000000003,151.583,199.993,105.75,67.95863636363636,65.06062499999999,199.99421428571426,67.679375,199.99268,78.26458620689654,runtime_ham2,55.062,runtime_ham6,151.583,runtime_ham10,86.956
356,113.719,42.251000000000005,199.995,65.143,199.993,65.03399999999999,77.98945454545454,54.92875,199.99421428571426,49.67374999999999,199.99264000000005,85.23775862068963,runtime_ham6,65.143,runtime_ham2,42.251000000000005,runtime_ham10,113.719
357,62.278,157.49200000000002,199.99400000000003,37.311,199.99099999999999,163.445,74.56336363636365,87.80350000000001,199.99417857142856,76.065,199.99272000000002,84.71727586206896,runtime_ham10,62.278,runtime_ham6,37.311,runtime_ham9,163.445
358,151.128,199.995,199.995,63.938,199.99200000000002,199.995,77.56827272727273,104.23099999999998,199.9940714285714,47.495000000000005,199.99272000000005,82.03886206896551,runtime_ham6,63.938,runtime_ham10,151.128,runtime_ham9,199.995
359,40.045,39.266999999999996,199.995,21.055999999999997,199.99200000000002,199.99400000000003,77.188,89.57425,199.99417857142853,54.152125,199.99272000000005,69.47848275862069,runtime_ham6,21.055999999999997,runtime_ham9,199.99400000000003,runtime_ham10,40.045
360,153.542,199.995,199.99400000000003,199.99,199.993,2.526,96.61536363636364,90.89687500000001,199.99417857142856,119.38499999999999,194.26012000000006,79.39200000000001,runtime_ham9,2.526,runtime_ham2,199.995,runtime_ham10,153.542
361,123.359,12.47,199.99400000000003,66.002,199.993,58.452,72.10300000000001,56.935125,199.99417857142856,74.42825,194.26020000000008,84.8759655172414,runtime_ham2,12.47,runtime_ham10,123.359,runtime_ham6,66.002
362,111.882,138.591,199.99400000000003,38.31,199.993,199.995,98.93363636363637,51.93350000000001,199.99424999999997,56.31000000000001,194.26,77.42803448275862,runtime_ham2,138.591,runtime_ham6,38.31,runtime_ham9,199.995
363,43.041000000000004,155.55200000000002,199.993,3.715,199.99200000000002,199.99400000000003,89.62136363636365,70.09037500000001,199.9940714285714,76.28125,194.26008000000004,77.95137931034483,runtime_ham2,155.55200000000002,runtime_ham6,3.715,runtime_ham9,199.99400000000003
364,53.986999999999995,35.874,199.99400000000003,10.456,199.993,50.972,88.46054545454544,83.413,199.99424999999997,99.04775,194.26012000000003,77.70679310344829,runtime_ham9,50.972,runtime_ham2,35.874,runtime_ham10,53.986999999999995
365,56.107,104.132,199.99400000000003,199.99,56.681999999999995,199.995,106.14045454545455,78.87812500000001,199.99421428571424,115.716625,194.26000000000005,82.32462068965515,runtime_ham2,104.132,runtime_ham9,199.995,runtime_ham10,56.107
366,61.13,41.845,199.995,18.159000000000002,199.99,1.6840000000000002,94.17027272727273,85.95762500000001,199.9942857142857,89.05199999999999,194.26000000000005,77.4280344827586,runtime_ham9,1.6840000000000002,runtime_ham2,41.845,runtime_ham6,18.159000000000002
367,40.518,54.47,199.99400000000003,4.43,199.99200000000002,33.181999999999995,98.68536363636366,56.902,199.99425,90.425375,194.25996000000004,89.40896551724137,runtime_ham2,54.47,runtime_ham9,33.181999999999995,runtime_ham6,4.43
368,44.365,28.154,199.995,34.982,199.993,26.320999999999998,85.37027272727273,67.42800000000001,199.9942857142857,42.907250000000005,194.26000000000005,76.31103448275861,runtime_ham6,34.982,runtime_ham2,28.154,runtime_ham9,26.320999999999998
369,148.764,45.882,199.995,199.99,199.993,199.99400000000003,101.95227272727274,75.487125,199.99428571428572,104.3505,194.26000000000005,77.42803448275862,runtime_ham2,45.882,runtime_ham9,199.99400000000003,runtime_ham10,148.764
370,115.537,7.263999999999999,199.99400000000003,6.5889999999999995,199.993,12.317,88.53090909090908,43.533625,199.9943214285714,26.933249999999997,194.26004,82.7178275862069,runtime_ham6,6.5889999999999995,runtime_ham2,7.263999999999999,runtime_ham9,12.317
371,105.867,42.441,199.99400000000003,8.963,199.99200000000002,15.138,95.86554545454545,63.435249999999996,199.99424999999997,96.367875,194.26000000000005,81.9221724137931,runtime_ham2,42.441,runtime_ham9,15.138,runtime_ham10,105.867
372,128.656,14.092,199.995,199.988,199.99099999999999,23.660999999999998,101.17936363636365,55.2385,199.99421428571426,104.686875,194.26000000000005,82.32458620689656,runtime_ham2,14.092,runtime_ham9,23.660999999999998,runtime_ham10,128.656
373,118.12100000000001,2.117,199.99400000000003,2.509,199.99200000000002,14.849,106.14045454545453,71.20262500000001,199.99421428571424,95.506625,194.26000000000008,77.42803448275862,runtime_ham2,2.117,runtime_ham9,14.849,runtime_ham6,2.509
374,57.26,125.345,199.99400000000003,18.901,199.993,4.178999999999999,89.81709090909091,83.25825,199.99424999999997,87.48675,194.26,76.14179310344828,runtime_ham9,4.178999999999999,runtime_ham2,125.345,runtime_ham6,18.901
375,58.638999999999996,199.99400000000003,199.99400000000003,58.946999999999996,199.993,111.738,95.16418181818182,83.18375,199.99428571428572,88.63625,194.26008000000004,77.42803448275862,runtime_ham9,111.738,runtime_ham2,199.99400000000003,runtime_ham6,58.946999999999996
376,91.161,86.038,199.99400000000003,167.665,199.99200000000002,199.995,106.35545454545453,60.025499999999994,199.99425,117.92174999999999,194.26000000000005,77.428,runtime_ham2,86.038,runtime_ham9,199.995,runtime_ham10,91.161
377,111.09299999999999,102.338,199.99400000000003,199.99,199.993,59.098,101.09227272727271,69.546875,199.99421428571424,93.08049999999999,194.26000000000005,77.42800000000001,runtime_ham2,102.338,runtime_ham9,59.098,runtime_ham6,199.99
378,170.924,18.549,199.99400000000003,199.99,199.993,8.759,107.95472727272728,63.347750000000005,199.99425,164.09324999999998,194.26000000000005,83.8659655172414,runtime_ham2,18.549,runtime_ham9,8.759,runtime_ham10,170.924
379,137.601,58.09,199.99400000000003,136.17,199.99200000000002,102.301,105.70609090909092,67.38125000000001,199.99421428571424,116.77224999999999,194.26000000000005,77.42803448275863,runtime_ham2,58.09,runtime_ham9,102.301,runtime_ham10,137.601
380,78.69,137.558,199.99400000000003,199.99,199.99200000000002,51.652,101.35445454545456,53.398,199.99421428571424,126.99974999999999,194.25995999999998,82.32458620689654,runtime_ham2,137.558,runtime_ham9,51.652,runtime_ham10,78.69
