,runtime_ham10,runtime_ham2,runtime_ham4,runtime_ham6,runtime_ham8,runtime_ham9,DT_ham10_pred,DT_ham2_pred,DT_ham4_pred,DT_ham6_pred,DT_ham8_pred,DT_ham9_pred,1st_ham,1st_time,2nd_ham,2nd_time,3rd_ham,3rd_time
0,199.989,39.146,32.872,78.694,13.955,6.061,109.8988783783784,92.05605555555552,39.62383529411765,54.93195652173913,47.60808235294119,62.60126315789473,runtime_ham4,32.872,runtime_ham8,13.955,runtime_ham6,78.694
1,199.99400000000003,199.99400000000003,3.35,52.318000000000005,6.941,137.155,109.8988783783784,92.05605555555552,39.62383529411765,54.93195652173913,47.60808235294119,62.60126315789473,runtime_ham4,3.35,runtime_ham8,6.941,runtime_ham6,52.318000000000005
2,93.557,37.675,3.148,5.856,6.348,199.995,109.8988783783784,92.05605555555552,39.62383529411765,54.93195652173913,47.60808235294119,62.60126315789473,runtime_ham4,3.148,runtime_ham8,6.348,runtime_ham6,5.856
3,89.05799999999999,199.99400000000003,1.2329999999999999,16.879,5.059,58.525,109.8988783783784,92.05605555555552,39.62383529411765,54.93195652173913,47.60808235294119,62.60126315789473,runtime_ham4,1.2329999999999999,runtime_ham8,5.059,runtime_ham6,16.879
4,107.992,4.2139999999999995,1.406,17.433,5.926,1.641,109.8988783783784,92.05605555555552,39.62383529411765,54.93195652173913,47.60808235294119,62.60126315789473,runtime_ham4,1.406,runtime_ham8,5.926,runtime_ham6,17.433
5,199.989,195.308,7.619,7.284,25.045,114.473,109.8988783783784,92.05605555555552,39.62383529411765,54.93195652173913,47.60808235294119,62.60126315789473,runtime_ham4,7.619,runtime_ham8,25.045,runtime_ham6,7.284
6,97.865,199.993,12.802,199.989,199.99400000000003,199.993,174.40425806451614,92.05605555555552,39.62383529411765,91.99770386266097,47.60808235294119,97.28607031249997,runtime_ham4,12.802,runtime_ham8,199.99400000000003,runtime_ham6,199.989
7,95.40100000000001,25.539,12.061,61.418,2.149,11.763,109.8988783783784,92.05605555555552,39.62383529411765,54.93195652173913,47.60808235294119,62.60126315789473,runtime_ham4,12.061,runtime_ham8,2.149,runtime_ham6,61.418
8,178.357,35.217,37.229,87.068,42.62,199.995,174.40425806451614,92.05605555555552,39.62383529411765,91.99770386266097,47.60808235294119,97.28607031249997,runtime_ham4,37.229,runtime_ham8,42.62,runtime_ham6,87.068
9,142.714,199.99,8.759,199.989,3.2889999999999997,199.99599999999998,174.40425806451614,92.05605555555552,39.62383529411765,91.99770386266097,47.60808235294119,97.28607031249997,runtime_ham4,8.759,runtime_ham8,3.2889999999999997,runtime_ham6,199.989
10,186.674,199.995,56.391999999999996,174.45,3.483,199.99599999999998,174.40425806451614,92.05605555555552,39.62383529411765,91.99770386266097,47.60808235294119,97.28607031249997,runtime_ham4,56.391999999999996,runtime_ham8,3.483,runtime_ham6,174.45
11,75.221,126.525,22.165,199.982,22.066999999999997,4.175,109.8988783783784,92.05605555555552,39.62383529411765,54.93195652173913,47.60808235294119,62.60126315789473,runtime_ham4,22.165,runtime_ham8,22.066999999999997,runtime_ham6,199.982
12,199.99099999999999,108.209,25.315,199.981,35.103,175.02599999999998,174.40425806451614,92.05605555555552,39.62383529411765,91.99770386266097,47.60808235294119,97.28607031249997,runtime_ham4,25.315,runtime_ham8,35.103,runtime_ham6,199.981
13,168.88400000000001,54.977,85.333,13.059000000000001,31.055999999999997,36.356,174.40425806451614,92.05605555555552,39.62383529411765,91.99770386266097,47.60808235294119,97.28607031249997,runtime_ham4,85.333,runtime_ham8,31.055999999999997,runtime_ham6,13.059000000000001
14,152.303,199.99400000000003,30.866,158.68200000000002,15.294,7.521,174.40425806451614,92.05605555555552,39.62383529411765,91.99770386266097,47.60808235294119,97.28607031249997,runtime_ham4,30.866,runtime_ham8,15.294,runtime_ham6,158.68200000000002
15,183.977,7.348,199.995,199.99,180.21099999999998,45.742,174.40425806451614,92.05605555555552,39.62383529411765,91.99770386266097,47.60808235294119,97.28607031249997,runtime_ham4,199.995,runtime_ham8,180.21099999999998,runtime_ham6,199.99
16,96.79,3.2319999999999998,11.074000000000002,58.401,4.46,45.946999999999996,109.8988783783784,92.05605555555552,39.62383529411765,54.93195652173913,47.60808235294119,62.60126315789473,runtime_ham4,11.074000000000002,runtime_ham8,4.46,runtime_ham6,58.401
17,79.798,21.294,16.779,62.607,18.708,52.653,109.8988783783784,92.05605555555552,39.62383529411765,54.93195652173913,47.60808235294119,62.60126315789473,runtime_ham4,16.779,runtime_ham8,18.708,runtime_ham6,62.607
18,170.528,199.94400000000002,123.24600000000001,199.995,32.199,4.633,174.40425806451614,92.05605555555552,39.62383529411765,91.99770386266097,47.60808235294119,97.28607031249997,runtime_ham4,123.24600000000001,runtime_ham8,32.199,runtime_ham6,199.995
19,116.314,2.4819999999999998,2.818,114.556,22.235,194.798,174.40425806451614,92.05605555555552,39.62383529411765,91.99770386266097,47.60808235294119,97.28607031249997,runtime_ham4,2.818,runtime_ham8,22.235,runtime_ham6,114.556
20,162.589,199.99599999999998,19.357,199.989,57.972,149.756,174.40425806451614,92.05605555555552,39.62383529411765,91.99770386266097,47.60808235294119,97.28607031249997,runtime_ham4,19.357,runtime_ham8,57.972,runtime_ham6,199.989
21,150.639,199.99400000000003,15.767999999999999,40.299,13.917,193.081,174.40425806451614,92.05605555555552,39.62383529411765,91.99770386266097,47.60808235294119,97.28607031249997,runtime_ham4,15.767999999999999,runtime_ham8,13.917,runtime_ham6,40.299
22,191.454,199.993,4.754,32.251999999999995,20.651999999999997,58.196999999999996,174.40425806451614,92.05605555555552,39.62383529411765,91.99770386266097,47.60808235294119,97.28607031249997,runtime_ham4,4.754,runtime_ham8,20.651999999999997,runtime_ham6,32.251999999999995
23,86.499,194.519,17.849,199.99099999999999,17.667,16.348,77.78176470588237,92.05605555555552,39.62383529411765,54.93195652173913,47.60808235294119,62.60126315789473,runtime_ham4,17.849,runtime_ham8,17.667,runtime_ham6,199.99099999999999
24,98.285,2.967,97.426,87.78,7.167999999999999,199.99400000000003,109.8988783783784,92.05605555555552,39.62383529411765,54.93195652173913,47.60808235294119,62.60126315789473,runtime_ham4,97.426,runtime_ham8,7.167999999999999,runtime_ham6,87.78
25,102.585,8.089,1.29,13.300999999999998,17.945999999999998,6.6339999999999995,109.8988783783784,92.05605555555552,39.62383529411765,54.93195652173913,47.60808235294119,62.60126315789473,runtime_ham4,1.29,runtime_ham8,17.945999999999998,runtime_ham6,13.300999999999998
26,135.101,2.513,18.302,0.114,6.855,10.324000000000002,109.8988783783784,92.05605555555552,39.62383529411765,54.93195652173913,47.60808235294119,62.60126315789473,runtime_ham4,18.302,runtime_ham8,6.855,runtime_ham6,0.114
27,199.99,118.166,2.27,17.496,18.593,16.544,109.8988783783784,92.05605555555552,39.62383529411765,54.93195652173913,47.60808235294119,62.60126315789473,runtime_ham4,2.27,runtime_ham8,18.593,runtime_ham6,17.496
28,103.15799999999999,43.50899999999999,36.463,4.024,2.1390000000000002,185.041,109.8988783783784,92.05605555555552,39.62383529411765,54.93195652173913,47.60808235294119,62.60126315789473,runtime_ham4,36.463,runtime_ham8,2.1390000000000002,runtime_ham6,4.024
29,101.08,199.99400000000003,3.655,49.98,38.887,73.456,77.78176470588237,92.05605555555552,39.62383529411765,54.93195652173913,47.60808235294119,62.60126315789473,runtime_ham4,3.655,runtime_ham8,38.887,runtime_ham6,49.98
30,79.723,199.99599999999998,33.077,114.446,6.934,188.63400000000001,174.40425806451614,92.05605555555552,39.62383529411765,91.99770386266097,47.60808235294119,97.28607031249997,runtime_ham4,33.077,runtime_ham8,6.934,runtime_ham6,114.446
31,199.993,115.633,3.1489999999999996,199.981,14.067,21.9,174.40425806451614,92.05605555555552,39.62383529411765,91.99770386266097,47.60808235294119,97.28607031249997,runtime_ham4,3.1489999999999996,runtime_ham8,14.067,runtime_ham6,199.981
32,199.99,7.346,37.798,199.98,15.42,171.858,174.40425806451614,92.05605555555552,39.62383529411765,91.99770386266097,47.60808235294119,97.28607031249997,runtime_ham4,37.798,runtime_ham8,15.42,runtime_ham6,199.98
33,199.99200000000002,42.773,61.43899999999999,22.695,16.102999999999998,51.832,174.40425806451614,92.05605555555552,39.62383529411765,91.99770386266097,47.60808235294119,97.28607031249997,runtime_ham4,61.43899999999999,runtime_ham8,16.102999999999998,runtime_ham6,22.695
34,126.68799999999999,199.995,14.79,158.235,62.951,52.022,174.40425806451614,92.05605555555552,39.62383529411765,91.99770386266097,47.60808235294119,97.28607031249997,runtime_ham4,14.79,runtime_ham8,62.951,runtime_ham6,158.235
35,199.99200000000002,199.97099999999998,37.488,199.99400000000003,58.018,199.99599999999998,174.40425806451614,92.05605555555552,39.62383529411765,91.99770386266097,47.60808235294119,97.28607031249997,runtime_ham4,37.488,runtime_ham8,58.018,runtime_ham6,199.99400000000003
36,199.968,199.995,8.119,199.99400000000003,38.394,168.5,174.40425806451614,92.05605555555552,39.62383529411765,91.99770386266097,47.60808235294119,97.28607031249997,runtime_ham4,8.119,runtime_ham8,38.394,runtime_ham6,199.99400000000003
37,199.989,152.561,25.44,199.97799999999998,17.367,199.99599999999998,174.40425806451614,92.05605555555552,39.62383529411765,91.99770386266097,47.60808235294119,97.28607031249997,runtime_ham4,25.44,runtime_ham8,17.367,runtime_ham6,199.97799999999998
38,199.981,199.99400000000003,57.992,199.99200000000002,11.494000000000002,30.816,174.40425806451614,92.05605555555552,39.62383529411765,91.99770386266097,47.60808235294119,97.28607031249997,runtime_ham4,57.992,runtime_ham8,11.494000000000002,runtime_ham6,199.99200000000002
39,199.986,199.99200000000002,122.071,147.409,41.254,199.99599999999998,174.40425806451614,92.05605555555552,39.62383529411765,91.99770386266097,47.60808235294119,97.28607031249997,runtime_ham4,122.071,runtime_ham8,41.254,runtime_ham6,147.409
40,169.03799999999998,48.078,8.224,13.200999999999999,106.866,11.683,174.40425806451614,92.05605555555552,39.62383529411765,91.99770386266097,47.60808235294119,97.28607031249997,runtime_ham4,8.224,runtime_ham8,106.866,runtime_ham6,13.200999999999999
41,131.05,13.876,7.94,199.99400000000003,19.761,76.69800000000001,174.40425806451614,92.05605555555552,39.62383529411765,91.99770386266097,47.60808235294119,97.28607031249997,runtime_ham4,7.94,runtime_ham8,19.761,runtime_ham6,199.99400000000003
42,199.99400000000003,199.995,75.176,199.94400000000002,199.995,199.99599999999998,174.40425806451614,92.05605555555552,39.62383529411765,91.99770386266097,47.60808235294119,97.28607031249997,runtime_ham4,75.176,runtime_ham8,199.995,runtime_ham6,199.94400000000002
43,199.99400000000003,64.627,1.0,28.855,18.059,127.973,77.78176470588237,92.05605555555552,39.62383529411765,54.93195652173913,47.60808235294119,62.60126315789473,runtime_ham4,1.0,runtime_ham8,18.059,runtime_ham6,28.855
44,85.45299999999999,0.077,5.276,26.678,5.949,9.305,77.78176470588237,92.05605555555552,39.62383529411765,54.93195652173913,47.60808235294119,62.60126315789473,runtime_ham4,5.276,runtime_ham8,5.949,runtime_ham6,26.678
45,66.899,61.788999999999994,33.111,22.041,100.62799999999999,25.869,77.78176470588237,92.05605555555552,39.62383529411765,54.93195652173913,47.60808235294119,62.60126315789473,runtime_ham4,33.111,runtime_ham8,100.62799999999999,runtime_ham6,22.041
46,199.989,8.285,9.658,59.246,3.551,9.607999999999999,109.8988783783784,92.05605555555552,39.62383529411765,54.93195652173913,47.60808235294119,62.60126315789473,runtime_ham4,9.658,runtime_ham8,3.551,runtime_ham6,59.246
47,162.847,199.99400000000003,162.10299999999998,199.99400000000003,199.995,199.99599999999998,174.40425806451614,92.05605555555552,39.62383529411765,91.99770386266097,47.60808235294119,97.28607031249997,runtime_ham4,162.10299999999998,runtime_ham8,199.995,runtime_ham6,199.99400000000003
48,199.985,199.99599999999998,5.365,199.99200000000002,25.791,77.102,174.40425806451614,92.05605555555552,39.62383529411765,91.99770386266097,47.60808235294119,97.28607031249997,runtime_ham4,5.365,runtime_ham8,25.791,runtime_ham6,199.99200000000002
49,189.77599999999998,199.99200000000002,199.99599999999998,21.522,20.768,199.995,174.40425806451614,92.05605555555552,39.62383529411765,91.99770386266097,47.60808235294119,97.28607031249997,runtime_ham4,199.99599999999998,runtime_ham8,20.768,runtime_ham6,21.522
50,199.99,24.655,16.805,23.585,24.230999999999998,5.038,174.40425806451614,92.05605555555552,39.62383529411765,91.99770386266097,47.60808235294119,97.28607031249997,runtime_ham4,16.805,runtime_ham8,24.230999999999998,runtime_ham6,23.585
51,199.99400000000003,199.99599999999998,7.624,5.26,21.24,199.995,174.40425806451614,92.05605555555552,39.62383529411765,91.99770386266097,47.60808235294119,97.28607031249997,runtime_ham4,7.624,runtime_ham8,21.24,runtime_ham6,5.26
52,199.993,111.32600000000001,4.013999999999999,199.99200000000002,3.716,106.714,174.40425806451614,92.05605555555552,39.62383529411765,91.99770386266097,47.60808235294119,97.28607031249997,runtime_ham4,4.013999999999999,runtime_ham8,3.716,runtime_ham6,199.99200000000002
53,199.99099999999999,199.99599999999998,39.654,199.99400000000003,5.196000000000001,75.48,174.40425806451614,92.05605555555552,39.62383529411765,91.99770386266097,47.60808235294119,97.28607031249997,runtime_ham4,39.654,runtime_ham8,5.196000000000001,runtime_ham6,199.99400000000003
54,199.983,199.99400000000003,199.99599999999998,199.99200000000002,39.601,126.03200000000001,174.40425806451614,92.05605555555552,39.62383529411765,91.99770386266097,47.60808235294119,97.28607031249997,runtime_ham4,199.99599999999998,runtime_ham8,39.601,runtime_ham6,199.99200000000002
55,199.987,197.072,15.385,31.601999999999997,57.832,5.337000000000001,174.40425806451614,92.05605555555552,39.62383529411765,91.99770386266097,47.60808235294119,97.28607031249997,runtime_ham4,15.385,runtime_ham8,57.832,runtime_ham6,31.601999999999997
56,199.987,199.993,17.366,199.988,27.673000000000002,199.995,174.40425806451614,92.05605555555552,39.62383529411765,91.99770386266097,47.60808235294119,97.28607031249997,runtime_ham4,17.366,runtime_ham8,27.673000000000002,runtime_ham6,199.988
57,199.99200000000002,199.99400000000003,22.319000000000003,19.464000000000002,100.87299999999999,161.032,174.40425806451614,92.05605555555552,39.62383529411765,91.99770386266097,47.60808235294119,97.28607031249997,runtime_ham4,22.319000000000003,runtime_ham8,100.87299999999999,runtime_ham6,19.464000000000002
58,199.993,105.448,71.584,199.99400000000003,27.62,78.64399999999999,174.40425806451614,92.05605555555552,39.62383529411765,91.99770386266097,47.60808235294119,97.28607031249997,runtime_ham4,71.584,runtime_ham8,27.62,runtime_ham6,199.99400000000003
59,0.004,0.004,0.002,0.004,0.002,0.002,77.78176470588237,92.05605555555552,39.62383529411765,54.93195652173913,47.60808235294119,62.60126315789473,runtime_ham4,0.002,runtime_ham8,0.002,runtime_ham6,0.004
60,0.004,0.004,0.002,0.004,0.002,0.004,77.78176470588237,92.05605555555552,39.62383529411765,54.93195652173913,47.60808235294119,62.60126315789473,runtime_ham4,0.002,runtime_ham8,0.002,runtime_ham6,0.004
61,106.20200000000001,3.213,7.197,8.705,1.2229999999999999,9.773,77.78176470588237,92.05605555555552,39.62383529411765,54.93195652173913,47.60808235294119,62.60126315789473,runtime_ham4,7.197,runtime_ham8,1.2229999999999999,runtime_ham6,8.705
62,179.092,167.574,3.4530000000000003,3.304,22.644000000000002,0.777,174.40425806451614,92.05605555555552,39.62383529411765,91.99770386266097,47.60808235294119,97.28607031249997,runtime_ham4,3.4530000000000003,runtime_ham8,22.644000000000002,runtime_ham6,3.304
63,130.244,0.287,4.055,10.344000000000001,16.635,17.63,174.40425806451614,92.05605555555552,39.62383529411765,91.99770386266097,47.60808235294119,97.28607031249997,runtime_ham4,4.055,runtime_ham8,16.635,runtime_ham6,10.344000000000001
64,199.99,199.995,86.242,199.99200000000002,122.262,199.995,174.40425806451614,92.05605555555552,39.62383529411765,91.99770386266097,47.60808235294119,97.28607031249997,runtime_ham4,86.242,runtime_ham8,122.262,runtime_ham6,199.99200000000002
65,199.99099999999999,199.995,13.404000000000002,199.99200000000002,37.751,64.471,174.40425806451614,92.05605555555552,39.62383529411765,91.99770386266097,47.60808235294119,97.28607031249997,runtime_ham4,13.404000000000002,runtime_ham8,37.751,runtime_ham6,199.99200000000002
66,199.989,199.995,3.002,29.148000000000003,27.695999999999998,199.99599999999998,174.40425806451614,92.05605555555552,39.62383529411765,91.99770386266097,47.60808235294119,97.28607031249997,runtime_ham4,3.002,runtime_ham8,27.695999999999998,runtime_ham6,29.148000000000003
67,185.65400000000002,199.99599999999998,199.995,9.386000000000001,56.715,34.539,174.40425806451614,92.05605555555552,39.62383529411765,91.99770386266097,47.60808235294119,97.28607031249997,runtime_ham4,199.995,runtime_ham8,56.715,runtime_ham6,9.386000000000001
68,73.586,199.958,54.762,69.065,27.198,129.483,174.40425806451614,92.05605555555552,39.62383529411765,91.99770386266097,47.60808235294119,97.28607031249997,runtime_ham4,54.762,runtime_ham8,27.198,runtime_ham6,69.065
69,199.993,41.032,199.99599999999998,24.854,199.995,43.843999999999994,174.40425806451614,92.05605555555552,139.64535483870966,91.99770386266097,148.32484615384618,97.28607031249997,runtime_ham6,24.854,runtime_ham2,41.032,runtime_ham9,43.843999999999994
70,70.095,199.99599999999998,35.751,199.99200000000002,15.205,29.232,174.40425806451614,92.05605555555552,39.62383529411765,91.99770386266097,47.60808235294119,97.28607031249997,runtime_ham4,35.751,runtime_ham8,15.205,runtime_ham6,199.99200000000002
71,37.042,43.27,71.543,23.891,199.995,24.329,77.78176470588237,92.05605555555552,139.64535483870966,54.93195652173913,148.32484615384618,62.60126315789473,runtime_ham6,23.891,runtime_ham9,24.329,runtime_ham10,37.042
72,30.778000000000002,55.63,70.237,24.971999999999998,67.949,42.533,77.78176470588237,92.05605555555552,139.64535483870966,54.93195652173913,148.32484615384618,62.60126315789473,runtime_ham6,24.971999999999998,runtime_ham9,42.533,runtime_ham10,30.778000000000002
73,50.038000000000004,100.397,80.024,54.273,81.094,64.79899999999999,77.78176470588237,92.05605555555552,139.64535483870966,54.93195652173913,148.32484615384618,62.60126315789473,runtime_ham6,54.273,runtime_ham9,64.79899999999999,runtime_ham10,50.038000000000004
74,199.99099999999999,199.99400000000003,199.995,145.423,199.99200000000002,138.707,174.40425806451614,92.05605555555552,139.64535483870966,91.99770386266097,148.32484615384618,97.28607031249997,runtime_ham6,145.423,runtime_ham2,199.99400000000003,runtime_ham9,138.707
75,31.361,45.155,96.022,95.38600000000001,88.302,43.528999999999996,77.78176470588237,92.05605555555552,139.64535483870966,54.93195652173913,148.32484615384618,62.60126315789473,runtime_ham6,95.38600000000001,runtime_ham9,43.528999999999996,runtime_ham10,31.361
76,33.834,62.967,62.303000000000004,32.297,75.203,20.511,77.78176470588237,92.05605555555552,139.64535483870966,54.93195652173913,148.32484615384618,62.60126315789473,runtime_ham6,32.297,runtime_ham9,20.511,runtime_ham10,33.834
77,130.799,106.435,0.937,6.9510000000000005,0.061,13.459000000000001,109.8988783783784,92.05605555555552,39.62383529411765,54.93195652173913,47.60808235294119,62.60126315789473,runtime_ham4,0.937,runtime_ham8,0.061,runtime_ham6,6.9510000000000005
78,105.12899999999999,0.065,1.8869999999999998,19.698,5.265,15.008,109.8988783783784,92.05605555555552,39.62383529411765,54.93195652173913,47.60808235294119,62.60126315789473,runtime_ham4,1.8869999999999998,runtime_ham8,5.265,runtime_ham6,19.698
79,67.01,8.697000000000001,1.13,2.5269999999999997,7.93,1.031,77.78176470588237,92.05605555555552,139.64535483870966,54.93195652173913,148.32484615384618,62.60126315789473,runtime_ham6,2.5269999999999997,runtime_ham9,1.031,runtime_ham10,67.01
80,42.873999999999995,0.831,199.995,7.175,19.765,11.847000000000001,77.78176470588237,92.05605555555552,139.64535483870966,54.93195652173913,148.32484615384618,62.60126315789473,runtime_ham6,7.175,runtime_ham9,11.847000000000001,runtime_ham10,42.873999999999995
81,124.086,139.077,8.049,0.308,13.847999999999999,0.126,77.78176470588237,92.05605555555552,139.64535483870966,54.93195652173913,148.32484615384618,62.60126315789473,runtime_ham6,0.308,runtime_ham9,0.126,runtime_ham10,124.086
82,199.99099999999999,0.196,34.365,0.11599999999999999,34.177,0.032,101.48450000000001,92.05605555555552,39.62383529411765,10.448162790697674,47.60808235294119,97.28607031249997,runtime_ham6,0.11599999999999999,runtime_ham4,34.365,runtime_ham8,34.177
83,40.02,56.051,199.99599999999998,8.712,33.796,133.47899999999998,77.78176470588237,92.05605555555552,139.64535483870966,54.93195652173913,148.32484615384618,62.60126315789473,runtime_ham6,8.712,runtime_ham9,133.47899999999998,runtime_ham10,40.02
84,121.208,1.444,24.204,199.99400000000003,41.85,0.938,101.48450000000001,92.05605555555552,39.62383529411765,54.93195652173913,47.60808235294119,62.60126315789473,runtime_ham4,24.204,runtime_ham8,41.85,runtime_ham6,199.99400000000003
85,199.99200000000002,199.99400000000003,7.111000000000001,117.655,7.127999999999999,2.8339999999999996,101.48450000000001,92.05605555555552,39.62383529411765,10.448162790697674,47.60808235294119,97.28607031249997,runtime_ham6,117.655,runtime_ham4,7.111000000000001,runtime_ham8,7.127999999999999
86,48.793,29.651999999999997,199.995,1.546,199.99400000000003,94.5,77.78176470588237,92.05605555555552,139.64535483870966,54.93195652173913,148.32484615384618,62.60126315789473,runtime_ham6,1.546,runtime_ham9,94.5,runtime_ham10,48.793
87,53.628,67.009,199.995,8.58,199.99400000000003,8.383,77.78176470588237,92.05605555555552,139.64535483870966,54.93195652173913,148.32484615384618,62.60126315789473,runtime_ham6,8.58,runtime_ham9,8.383,runtime_ham10,53.628
88,47.925,1.1640000000000001,199.995,0.6459999999999999,199.97299999999998,0.22699999999999998,77.78176470588237,92.05605555555552,139.64535483870966,54.93195652173913,148.32484615384618,62.60126315789473,runtime_ham6,0.6459999999999999,runtime_ham9,0.22699999999999998,runtime_ham10,47.925
89,97.383,13.112,199.995,62.268,199.993,0.12300000000000001,77.78176470588237,92.05605555555552,139.64535483870966,54.93195652173913,148.32484615384618,62.60126315789473,runtime_ham6,62.268,runtime_ham9,0.12300000000000001,runtime_ham10,97.383
90,199.99099999999999,15.517999999999999,199.995,15.427999999999999,199.947,64.689,77.78176470588237,92.05605555555552,139.64535483870966,54.93195652173913,148.32484615384618,62.60126315789473,runtime_ham6,15.427999999999999,runtime_ham9,64.689,runtime_ham10,199.99099999999999
91,66.885,199.993,199.99599999999998,57.678999999999995,199.99,199.995,77.78176470588237,92.05605555555552,139.64535483870966,54.93195652173913,148.32484615384618,62.60126315789473,runtime_ham6,57.678999999999995,runtime_ham9,199.995,runtime_ham10,66.885
92,73.874,1.6369999999999998,199.995,55.534,199.995,1.1740000000000002,77.78176470588237,92.05605555555552,139.64535483870966,54.93195652173913,148.32484615384618,62.60126315789473,runtime_ham6,55.534,runtime_ham9,1.1740000000000002,runtime_ham10,73.874
93,0.027999999999999997,0.265,199.995,0.17,199.995,88.87100000000001,101.48450000000001,92.05605555555552,39.62383529411765,10.448162790697674,47.60808235294119,97.28607031249997,runtime_ham6,0.17,runtime_ham4,199.995,runtime_ham8,199.995
94,30.035999999999998,53.397,199.99599999999998,20.272000000000002,199.988,23.738000000000003,77.78176470588237,92.05605555555552,139.64535483870966,54.93195652173913,148.32484615384618,62.60126315789473,runtime_ham6,20.272000000000002,runtime_ham9,23.738000000000003,runtime_ham10,30.035999999999998
95,106.725,0.41200000000000003,14.343,140.716,2.085,199.99599999999998,101.48450000000001,92.05605555555552,39.62383529411765,10.448162790697674,47.60808235294119,62.60126315789473,runtime_ham6,140.716,runtime_ham4,14.343,runtime_ham8,2.085
96,167.832,199.993,1.122,0.055999999999999994,16.045,199.99599999999998,101.48450000000001,92.05605555555552,39.62383529411765,54.93195652173913,47.60808235294119,62.60126315789473,runtime_ham4,1.122,runtime_ham8,16.045,runtime_ham6,0.055999999999999994
97,55.343999999999994,11.401,199.99599999999998,79.029,199.987,3.43,77.78176470588237,92.05605555555552,139.64535483870966,54.93195652173913,148.32484615384618,62.60126315789473,runtime_ham6,79.029,runtime_ham9,3.43,runtime_ham10,55.343999999999994
98,0.843,0.085,49.123999999999995,52.281000000000006,74.47,0.11699999999999999,101.48450000000001,92.05605555555552,39.62383529411765,54.93195652173913,47.60808235294119,97.28607031249997,runtime_ham4,49.123999999999995,runtime_ham8,74.47,runtime_ham6,52.281000000000006
99,39.272,199.993,31.366999999999997,0.40399999999999997,54.637,8.943999999999999,101.48450000000001,92.05605555555552,39.62383529411765,54.93195652173913,47.60808235294119,62.60126315789473,runtime_ham4,31.366999999999997,runtime_ham8,54.637,runtime_ham6,0.40399999999999997
100,3.293,56.836999999999996,1.874,16.288,39.108000000000004,199.99599999999998,101.48450000000001,92.05605555555552,39.62383529411765,54.93195652173913,47.60808235294119,97.28607031249997,runtime_ham4,1.874,runtime_ham8,39.108000000000004,runtime_ham6,16.288
101,199.99099999999999,199.942,199.995,199.993,199.989,5.265,101.48450000000001,92.05605555555552,39.62383529411765,54.93195652173913,47.60808235294119,97.28607031249997,runtime_ham4,199.995,runtime_ham8,199.989,runtime_ham6,199.993
102,63.318999999999996,199.99200000000002,199.995,0.243,0.81,29.826999999999998,101.48450000000001,92.05605555555552,39.62383529411765,54.93195652173913,47.60808235294119,62.60126315789473,runtime_ham4,199.995,runtime_ham8,0.81,runtime_ham6,0.243
103,95.19200000000001,199.993,4.5169999999999995,199.993,199.989,3.2760000000000002,101.48450000000001,92.05605555555552,39.62383529411765,54.93195652173913,47.60808235294119,62.60126315789473,runtime_ham4,4.5169999999999995,runtime_ham8,199.989,runtime_ham6,199.993
104,105.416,199.99,7.6129999999999995,1.32,48.669,0.087,101.48450000000001,92.05605555555552,39.62383529411765,54.93195652173913,47.60808235294119,62.60126315789473,runtime_ham4,7.6129999999999995,runtime_ham8,48.669,runtime_ham6,1.32
105,156.507,131.435,6.032,0.096,27.136999999999997,0.193,109.8988783783784,92.05605555555552,39.62383529411765,54.93195652173913,47.60808235294119,62.60126315789473,runtime_ham4,6.032,runtime_ham8,27.136999999999997,runtime_ham6,0.096
106,117.681,144.776,5.444,0.23199999999999998,22.948,48.731,101.48450000000001,92.05605555555552,39.62383529411765,54.93195652173913,47.60808235294119,62.60126315789473,runtime_ham4,5.444,runtime_ham8,22.948,runtime_ham6,0.23199999999999998
107,0.21100000000000002,199.993,0.166,0.991,9.655,199.995,32.383109756097575,92.05605555555552,39.62383529411765,54.93195652173913,47.60808235294119,97.28607031249997,runtime_ham10,0.21100000000000002,runtime_ham4,0.166,runtime_ham8,9.655
108,199.993,199.995,69.726,14.241,128.165,34.150999999999996,97.29642857142862,92.05605555555552,39.62383529411765,54.93195652173913,47.60808235294119,97.28607031249997,runtime_ham4,69.726,runtime_ham8,128.165,runtime_ham6,14.241
109,0.904,0.29,29.95,0.223,1.564,199.995,97.29642857142862,92.05605555555552,39.62383529411765,54.93195652173913,47.60808235294119,97.28607031249997,runtime_ham4,29.95,runtime_ham8,1.564,runtime_ham6,0.223
110,133.09799999999998,9.871,199.995,7.707000000000001,199.989,0.247,109.8988783783784,92.05605555555552,39.62383529411765,54.93195652173913,47.60808235294119,62.60126315789473,runtime_ham4,199.995,runtime_ham8,199.989,runtime_ham6,7.707000000000001
111,73.513,199.972,4.399,199.99099999999999,199.99099999999999,199.99599999999998,109.8988783783784,92.05605555555552,39.62383529411765,54.93195652173913,47.60808235294119,62.60126315789473,runtime_ham4,4.399,runtime_ham8,199.99099999999999,runtime_ham6,199.99099999999999
112,1.21,199.993,4.931,15.503,46.395,164.425,97.29642857142862,92.05605555555552,39.62383529411765,54.93195652173913,47.60808235294119,97.28607031249997,runtime_ham4,4.931,runtime_ham8,46.395,runtime_ham6,15.503
113,199.99400000000003,16.778,199.99599999999998,56.256,8.315,0.23199999999999998,97.29642857142862,92.05605555555552,39.62383529411765,54.93195652173913,47.60808235294119,97.28607031249997,runtime_ham4,199.99599999999998,runtime_ham8,8.315,runtime_ham6,56.256
114,10.241,199.99099999999999,17.282,199.99099999999999,35.719,7.069,97.29642857142862,92.05605555555552,39.62383529411765,54.93195652173913,47.60808235294119,97.28607031249997,runtime_ham4,17.282,runtime_ham8,35.719,runtime_ham6,199.99099999999999
115,77.824,199.99200000000002,6.5489999999999995,199.99200000000002,7.085,22.046,77.78176470588237,92.05605555555552,39.62383529411765,54.93195652173913,47.60808235294119,62.60126315789473,runtime_ham4,6.5489999999999995,runtime_ham8,7.085,runtime_ham6,199.99200000000002
116,199.993,199.995,199.995,199.99099999999999,199.967,199.99599999999998,97.29642857142862,92.05605555555552,139.64535483870966,54.93195652173913,148.32484615384618,97.28607031249997,runtime_ham6,199.99099999999999,runtime_ham2,199.995,runtime_ham9,199.99599999999998
117,56.518,199.995,0.846,1.06,199.995,58.92,109.8988783783784,92.05605555555552,39.62383529411765,54.93195652173913,47.60808235294119,62.60126315789473,runtime_ham4,0.846,runtime_ham8,199.995,runtime_ham6,1.06
118,82.805,72.09,6.355,0.14,199.995,199.995,109.8988783783784,92.05605555555552,139.64535483870966,54.93195652173913,148.32484615384618,62.60126315789473,runtime_ham6,0.14,runtime_ham9,199.995,runtime_ham2,72.09
119,199.993,199.99400000000003,199.99599999999998,199.99099999999999,199.995,199.995,97.29642857142862,92.05605555555552,139.64535483870966,54.93195652173913,148.32484615384618,97.28607031249997,runtime_ham6,199.99099999999999,runtime_ham2,199.99400000000003,runtime_ham9,199.995
120,0.966,0.276,3.7460000000000004,0.165,5.896,113.26700000000001,32.383109756097575,92.05605555555552,39.62383529411765,10.448162790697674,47.60808235294119,97.28607031249997,runtime_ham6,0.165,runtime_ham10,0.966,runtime_ham4,3.7460000000000004
121,41.1,11.09,199.995,199.99,19.754,3.7039999999999997,97.29642857142862,92.05605555555552,151.67566666666667,91.99770386266097,19.754,97.28607031249997,runtime_ham8,19.754,runtime_ham6,199.99,runtime_ham2,11.09
122,51.312,74.05199999999999,199.995,100.59200000000001,199.988,33.296,97.29642857142862,92.05605555555552,139.64535483870966,91.99770386266097,196.86445108695628,97.28607031249997,runtime_ham6,100.59200000000001,runtime_ham2,74.05199999999999,runtime_ham9,33.296
123,150.66899999999998,199.988,38.774,199.99,199.995,199.995,97.29642857142862,92.05605555555552,139.64535483870966,91.99770386266097,196.86445108695628,97.28607031249997,runtime_ham6,199.99,runtime_ham2,199.988,runtime_ham9,199.995
124,140.33700000000002,14.026,33.453,7.837999999999999,199.989,24.92,174.40425806451614,92.05605555555552,139.64535483870966,91.99770386266097,196.86445108695628,97.28607031249997,runtime_ham6,7.837999999999999,runtime_ham2,14.026,runtime_ham9,24.92
125,80.477,56.57,199.995,130.909,199.99099999999999,199.995,174.40425806451614,92.05605555555552,139.64535483870966,91.99770386266097,196.86445108695628,97.28607031249997,runtime_ham6,130.909,runtime_ham2,56.57,runtime_ham9,199.995
126,184.05599999999998,199.99099999999999,32.519,199.989,199.99,199.995,174.40425806451614,92.05605555555552,139.64535483870966,91.99770386266097,196.86445108695628,97.28607031249997,runtime_ham6,199.989,runtime_ham2,199.99099999999999,runtime_ham9,199.995
127,0.24600000000000002,0.7390000000000001,199.995,0.436,199.975,0.408,32.383109756097575,30.860578947368417,199.88236363636358,10.448162790697674,196.86445108695628,31.526579545454545,runtime_ham6,0.436,runtime_ham2,0.7390000000000001,runtime_ham9,0.408
128,199.99200000000002,2.35,199.995,1.355,199.99,0.7959999999999999,32.383109756097575,30.860578947368417,199.88236363636358,10.448162790697674,196.86445108695628,31.526579545454545,runtime_ham6,1.355,runtime_ham2,2.35,runtime_ham9,0.7959999999999999
129,1.63,199.99099999999999,199.995,3.324,199.99,199.993,32.383109756097575,92.05605555555552,199.88236363636358,10.448162790697674,196.86445108695628,97.28607031249997,runtime_ham6,3.324,runtime_ham10,1.63,runtime_ham2,199.99099999999999
130,1.123,1.11,182.484,0.574,199.99200000000002,0.961,32.383109756097575,92.05605555555552,199.88236363636358,10.448162790697674,196.86445108695628,97.28607031249997,runtime_ham6,0.574,runtime_ham10,1.123,runtime_ham2,1.11
131,0.9940000000000001,1.74,48.318000000000005,0.151,199.993,1.122,32.383109756097575,30.860578947368417,151.67566666666667,10.448162790697674,196.86445108695628,31.526579545454545,runtime_ham6,0.151,runtime_ham2,1.74,runtime_ham9,1.122
132,2.36,199.993,199.995,0.5660000000000001,199.983,2.8080000000000003,32.383109756097575,92.05605555555552,151.67566666666667,10.448162790697674,196.86445108695628,97.28607031249997,runtime_ham6,0.5660000000000001,runtime_ham10,2.36,runtime_ham2,199.993
133,1.032,12.624,10.975999999999999,1.494,98.65100000000001,199.995,32.383109756097575,92.05605555555552,151.67566666666667,10.448162790697674,196.86445108695628,97.28607031249997,runtime_ham6,1.494,runtime_ham10,1.032,runtime_ham2,12.624
134,199.99099999999999,2.346,199.995,0.10800000000000001,199.988,1.355,32.383109756097575,30.860578947368417,151.67566666666667,10.448162790697674,196.86445108695628,31.526579545454545,runtime_ham6,0.10800000000000001,runtime_ham2,2.346,runtime_ham9,1.355
135,0.156,4.648,199.995,1.5730000000000002,87.008,5.5729999999999995,32.383109756097575,92.05605555555552,151.67566666666667,54.93195652173913,196.86445108695628,97.28607031249997,runtime_ham10,0.156,runtime_ham6,1.5730000000000002,runtime_ham2,4.648
136,2.5180000000000002,4.539,199.995,0.39899999999999997,199.995,199.99599999999998,32.383109756097575,92.05605555555552,151.67566666666667,54.93195652173913,196.86445108695628,97.28607031249997,runtime_ham10,2.5180000000000002,runtime_ham6,0.39899999999999997,runtime_ham2,4.539
137,0.168,0.9740000000000001,199.995,0.5760000000000001,199.993,2.2430000000000003,32.383109756097575,92.05605555555552,151.67566666666667,54.93195652173913,196.86445108695628,97.28607031249997,runtime_ham10,0.168,runtime_ham6,0.5760000000000001,runtime_ham2,0.9740000000000001
138,0.121,14.011,94.104,1.617,199.99,3.122,32.383109756097575,92.05605555555552,151.67566666666667,54.93195652173913,196.86445108695628,97.28607031249997,runtime_ham10,0.121,runtime_ham6,1.617,runtime_ham2,14.011
139,199.99099999999999,1.265,101.72200000000001,13.363,199.946,1.939,97.29642857142862,92.05605555555552,151.67566666666667,54.93195652173913,196.86445108695628,97.28607031249997,runtime_ham6,13.363,runtime_ham2,1.265,runtime_ham9,1.939
140,3.685,199.99200000000002,199.995,199.99099999999999,45.33,199.995,97.29642857142862,92.05605555555552,151.67566666666667,54.93195652173913,196.86445108695628,97.28607031249997,runtime_ham6,199.99099999999999,runtime_ham2,199.99200000000002,runtime_ham9,199.995
141,199.99200000000002,1.749,126.147,0.24100000000000002,199.97400000000002,0.41100000000000003,97.29642857142862,92.05605555555552,151.67566666666667,54.93195652173913,196.86445108695628,97.28607031249997,runtime_ham6,0.24100000000000002,runtime_ham2,1.749,runtime_ham9,0.41100000000000003
142,13.912,4.8839999999999995,93.914,199.986,199.988,2.275,97.29642857142862,92.05605555555552,151.67566666666667,54.93195652173913,196.86445108695628,97.28607031249997,runtime_ham6,199.986,runtime_ham2,4.8839999999999995,runtime_ham9,2.275
143,199.99200000000002,199.99200000000002,199.99400000000003,199.993,199.993,199.99599999999998,97.29642857142862,92.05605555555552,151.67566666666667,54.93195652173913,196.86445108695628,97.28607031249997,runtime_ham6,199.993,runtime_ham2,199.99200000000002,runtime_ham9,199.99599999999998
144,118.432,1.761,199.995,3.418,199.989,199.995,97.29642857142862,92.05605555555552,151.67566666666667,54.93195652173913,196.86445108695628,97.28607031249997,runtime_ham6,3.418,runtime_ham2,1.761,runtime_ham9,199.995
145,0.16,0.10099999999999999,199.995,2.693,138.123,0.815,32.383109756097575,30.860578947368417,199.88236363636358,10.448162790697674,196.86445108695628,31.526579545454545,runtime_ham6,2.693,runtime_ham2,0.10099999999999999,runtime_ham9,0.815
146,3.389,1.172,199.995,0.6759999999999999,199.953,5.835,32.383109756097575,30.860578947368417,199.88236363636358,10.448162790697674,196.86445108695628,31.526579545454545,runtime_ham6,0.6759999999999999,runtime_ham2,1.172,runtime_ham9,5.835
147,8.485,9.007,199.995,13.728,199.988,14.034,32.383109756097575,30.860578947368417,199.88236363636358,10.448162790697674,196.86445108695628,31.526579545454545,runtime_ham6,13.728,runtime_ham2,9.007,runtime_ham9,14.034
148,8.809,16.328,199.995,7.745,199.99400000000003,1.287,32.383109756097575,30.860578947368417,199.88236363636358,10.448162790697674,196.86445108695628,31.526579545454545,runtime_ham6,7.745,runtime_ham2,16.328,runtime_ham9,1.287
149,0.365,46.605,199.995,0.8420000000000001,199.937,6.524,32.383109756097575,30.860578947368417,199.88236363636358,10.448162790697674,196.86445108695628,31.526579545454545,runtime_ham6,0.8420000000000001,runtime_ham2,46.605,runtime_ham9,6.524
150,3.964,22.103,199.99400000000003,12.062000000000001,199.989,2.035,32.383109756097575,30.860578947368417,199.88236363636358,10.448162790697674,196.86445108695628,31.526579545454545,runtime_ham6,12.062000000000001,runtime_ham2,22.103,runtime_ham9,2.035
151,199.99,6.261,199.988,3.457,199.988,19.38,32.383109756097575,30.860578947368417,199.88236363636358,10.448162790697674,196.86445108695628,31.526579545454545,runtime_ham6,3.457,runtime_ham2,6.261,runtime_ham9,19.38
152,22.171,58.818000000000005,199.995,2.742,199.96900000000002,1.508,32.383109756097575,30.860578947368417,199.88236363636358,10.448162790697674,196.86445108695628,31.526579545454545,runtime_ham6,2.742,runtime_ham2,58.818000000000005,runtime_ham9,1.508
153,0.42100000000000004,7.687,199.995,15.267000000000001,199.986,199.995,32.383109756097575,30.860578947368417,199.88236363636358,10.448162790697674,196.86445108695628,31.526579545454545,runtime_ham6,15.267000000000001,runtime_ham2,7.687,runtime_ham9,199.995
154,5.267,2.2430000000000003,199.99400000000003,9.414,199.99400000000003,3.458,32.383109756097575,30.860578947368417,199.88236363636358,10.448162790697674,196.86445108695628,31.526579545454545,runtime_ham6,9.414,runtime_ham2,2.2430000000000003,runtime_ham9,3.458
155,8.885,10.245,199.995,5.82,199.99400000000003,5.853,32.383109756097575,30.860578947368417,199.88236363636358,10.448162790697674,196.86445108695628,31.526579545454545,runtime_ham6,5.82,runtime_ham2,10.245,runtime_ham9,5.853
156,3.195,3.7,199.995,1.4280000000000002,199.981,2.845,32.383109756097575,30.860578947368417,199.88236363636358,10.448162790697674,196.86445108695628,31.526579545454545,runtime_ham6,1.4280000000000002,runtime_ham2,3.7,runtime_ham9,2.845
157,0.429,1.575,199.995,1.5130000000000001,199.99,15.164000000000001,32.383109756097575,30.860578947368417,199.88236363636358,10.448162790697674,196.86445108695628,31.526579545454545,runtime_ham6,1.5130000000000001,runtime_ham2,1.575,runtime_ham9,15.164000000000001
158,3.6310000000000002,9.311,199.995,24.194000000000003,199.988,33.393,32.383109756097575,30.860578947368417,199.88236363636358,54.93195652173913,196.86445108695628,31.526579545454545,runtime_ham2,9.311,runtime_ham9,33.393,runtime_ham10,3.6310000000000002
159,10.482999999999999,5.43,199.99200000000002,199.989,199.995,0.993,32.383109756097575,30.860578947368417,199.88236363636358,54.93195652173913,196.86445108695628,31.526579545454545,runtime_ham2,5.43,runtime_ham9,0.993,runtime_ham10,10.482999999999999
160,199.99,30.171,199.99099999999999,199.99099999999999,199.99400000000003,7.664,32.383109756097575,30.860578947368417,199.88236363636358,54.93195652173913,196.86445108695628,31.526579545454545,runtime_ham2,30.171,runtime_ham9,7.664,runtime_ham10,199.99
161,8.11,10.295,199.984,0.461,199.99400000000003,18.348,32.383109756097575,30.860578947368417,199.88236363636358,54.93195652173913,196.86445108695628,31.526579545454545,runtime_ham2,10.295,runtime_ham9,18.348,runtime_ham10,8.11
162,17.055,0.504,199.993,22.500999999999998,199.985,199.995,97.29642857142862,30.860578947368417,199.88236363636358,54.93195652173913,196.86445108695628,97.28607031249997,runtime_ham2,0.504,runtime_ham6,22.500999999999998,runtime_ham9,199.995
163,18.135,15.29,199.995,8.301,199.987,3.0780000000000003,32.383109756097575,30.860578947368417,199.88236363636358,10.448162790697674,196.86445108695628,31.526579545454545,runtime_ham6,8.301,runtime_ham2,15.29,runtime_ham9,3.0780000000000003
164,3.486,4.687,199.937,0.9890000000000001,199.959,4.105,32.383109756097575,30.860578947368417,199.88236363636358,10.448162790697674,196.86445108695628,31.526579545454545,runtime_ham6,0.9890000000000001,runtime_ham2,4.687,runtime_ham9,4.105
165,199.989,180.141,199.97099999999998,199.99200000000002,199.975,35.021,174.40425806451614,167.046,199.88236363636358,91.99770386266097,196.86445108695628,108.07844444444444,runtime_ham6,199.99200000000002,runtime_ham9,35.021,runtime_ham2,180.141
166,199.989,199.99,199.988,199.99099999999999,199.985,199.99400000000003,174.40425806451614,199.99150000000006,199.88236363636358,91.99770386266097,196.86445108695628,199.99418750000004,runtime_ham6,199.99099999999999,runtime_ham10,199.989,runtime_ham8,199.985
167,199.989,199.99,199.97400000000002,199.993,199.983,199.99400000000003,174.40425806451614,199.99150000000006,199.88236363636358,91.99770386266097,196.86445108695628,199.99418750000004,runtime_ham6,199.993,runtime_ham10,199.989,runtime_ham8,199.983
168,199.989,199.99400000000003,199.97400000000002,199.99,199.987,199.99400000000003,174.40425806451614,199.99150000000006,199.88236363636358,91.99770386266097,196.86445108695628,199.99418750000004,runtime_ham6,199.99,runtime_ham10,199.989,runtime_ham8,199.987
169,199.989,199.99200000000002,199.955,25.967,199.99400000000003,199.995,174.40425806451614,199.99150000000006,199.88236363636358,91.99770386266097,196.86445108695628,199.99418750000004,runtime_ham6,25.967,runtime_ham10,199.989,runtime_ham8,199.99400000000003
170,199.99,199.989,199.989,199.989,199.937,199.99400000000003,174.40425806451614,199.99150000000006,199.88236363636358,91.99770386266097,196.86445108695628,199.99418750000004,runtime_ham6,199.989,runtime_ham10,199.99,runtime_ham8,199.937
171,199.99,199.99200000000002,199.952,199.99,199.97099999999998,199.995,174.40425806451614,199.99150000000006,199.88236363636358,91.99770386266097,196.86445108695628,199.99418750000004,runtime_ham6,199.99,runtime_ham10,199.99,runtime_ham8,199.97099999999998
172,137.491,199.99400000000003,199.949,199.989,199.987,199.99400000000003,174.40425806451614,199.99150000000006,199.88236363636358,91.99770386266097,196.86445108695628,199.99418750000004,runtime_ham6,199.989,runtime_ham10,137.491,runtime_ham8,199.987
173,199.99,199.977,199.97,199.99,199.96599999999998,199.995,174.40425806451614,199.99150000000006,199.88236363636358,91.99770386266097,196.86445108695628,199.99418750000004,runtime_ham6,199.99,runtime_ham10,199.99,runtime_ham8,199.96599999999998
174,70.983,153.951,199.99,94.37,199.94299999999998,199.995,174.40425806451614,167.046,199.88236363636358,91.99770386266097,196.86445108695628,199.99418750000004,runtime_ham6,94.37,runtime_ham2,153.951,runtime_ham10,70.983
175,199.989,199.99200000000002,199.99099999999999,199.99,199.979,199.995,174.40425806451614,199.99150000000006,199.88236363636358,91.99770386266097,196.86445108695628,199.99418750000004,runtime_ham6,199.99,runtime_ham10,199.989,runtime_ham8,199.979
176,9.379,2.9819999999999998,199.99200000000002,2.55,199.987,12.770999999999999,32.383109756097575,30.860578947368417,199.88236363636358,10.448162790697674,196.86445108695628,31.526579545454545,runtime_ham6,2.55,runtime_ham2,2.9819999999999998,runtime_ham9,12.770999999999999
177,14.868,12.936,199.99099999999999,10.889000000000001,199.96099999999998,0.509,32.383109756097575,30.860578947368417,199.88236363636358,10.448162790697674,196.86445108695628,31.526579545454545,runtime_ham6,10.889000000000001,runtime_ham2,12.936,runtime_ham9,0.509
178,3.885,4.779,199.975,5.604,199.988,22.244,32.383109756097575,30.860578947368417,199.88236363636358,10.448162790697674,196.86445108695628,31.526579545454545,runtime_ham6,5.604,runtime_ham2,4.779,runtime_ham9,22.244
179,1.385,7.457999999999999,199.981,6.066,199.987,0.5589999999999999,32.383109756097575,30.860578947368417,199.88236363636358,10.448162790697674,196.86445108695628,31.526579545454545,runtime_ham6,6.066,runtime_ham2,7.457999999999999,runtime_ham9,0.5589999999999999
180,3.3710000000000004,1.422,199.96400000000003,3.955,199.96599999999998,8.267999999999999,32.383109756097575,30.860578947368417,199.88236363636358,10.448162790697674,196.86445108695628,31.526579545454545,runtime_ham6,3.955,runtime_ham2,1.422,runtime_ham9,8.267999999999999
181,2.18,8.687000000000001,199.99400000000003,14.095999999999998,199.986,11.1,32.383109756097575,30.860578947368417,199.88236363636358,10.448162790697674,196.86445108695628,31.526579545454545,runtime_ham6,14.095999999999998,runtime_ham2,8.687000000000001,runtime_ham9,11.1
182,199.988,9.307,199.965,11.18,199.97299999999998,0.179,32.383109756097575,30.860578947368417,199.88236363636358,10.448162790697674,196.86445108695628,31.526579545454545,runtime_ham6,11.18,runtime_ham2,9.307,runtime_ham9,0.179
183,6.779,7.8420000000000005,199.99200000000002,6.645,199.953,20.655,32.383109756097575,30.860578947368417,199.88236363636358,10.448162790697674,196.86445108695628,31.526579545454545,runtime_ham6,6.645,runtime_ham2,7.8420000000000005,runtime_ham9,20.655
184,7.042000000000001,3.1180000000000003,199.99099999999999,7.197,199.993,5.039,32.383109756097575,30.860578947368417,199.88236363636358,10.448162790697674,196.86445108695628,31.526579545454545,runtime_ham6,7.197,runtime_ham2,3.1180000000000003,runtime_ham9,5.039
185,12.21,1.7790000000000001,199.99400000000003,5.87,199.987,37.427,32.383109756097575,30.860578947368417,199.88236363636358,10.448162790697674,196.86445108695628,31.526579545454545,runtime_ham6,5.87,runtime_ham2,1.7790000000000001,runtime_ham9,37.427
186,5.728,9.262,199.99,1.056,199.97299999999998,35.525999999999996,32.383109756097575,30.860578947368417,199.88236363636358,91.99770386266097,196.86445108695628,31.526579545454545,runtime_ham2,9.262,runtime_ham9,35.525999999999996,runtime_ham10,5.728
187,3.728,6.949,199.99099999999999,1.234,199.96400000000003,24.980999999999998,32.383109756097575,30.860578947368417,199.88236363636358,10.448162790697674,196.86445108695628,31.526579545454545,runtime_ham6,1.234,runtime_ham2,6.949,runtime_ham9,24.980999999999998
188,7.507000000000001,7.525,199.986,11.269,199.987,1.584,32.383109756097575,30.860578947368417,199.88236363636358,10.448162790697674,196.86445108695628,31.526579545454545,runtime_ham6,11.269,runtime_ham2,7.525,runtime_ham9,1.584
189,0.5579999999999999,63.835,199.99099999999999,5.072,199.988,5.737,32.383109756097575,30.860578947368417,199.88236363636358,10.448162790697674,196.86445108695628,31.526579545454545,runtime_ham6,5.072,runtime_ham2,63.835,runtime_ham9,5.737
190,84.01700000000001,6.237,199.99200000000002,199.99,199.987,3.7460000000000004,32.383109756097575,30.860578947368417,199.88236363636358,54.93195652173913,196.86445108695628,31.526579545454545,runtime_ham2,6.237,runtime_ham9,3.7460000000000004,runtime_ham10,84.01700000000001
191,4.401,2.55,199.99099999999999,0.083,199.987,18.827,32.383109756097575,30.860578947368417,199.88236363636358,54.93195652173913,196.86445108695628,31.526579545454545,runtime_ham2,2.55,runtime_ham9,18.827,runtime_ham10,4.401
192,39.854,7.138,199.99,7.167999999999999,199.987,0.39,32.383109756097575,30.860578947368417,199.88236363636358,54.93195652173913,196.86445108695628,31.526579545454545,runtime_ham2,7.138,runtime_ham9,0.39,runtime_ham10,39.854
193,19.253,7.207000000000001,199.995,14.344000000000001,199.987,9.221,32.383109756097575,30.860578947368417,199.88236363636358,54.93195652173913,196.86445108695628,31.526579545454545,runtime_ham2,7.207000000000001,runtime_ham9,9.221,runtime_ham10,19.253
194,6.901,3.853,199.988,16.694000000000003,199.951,31.396,32.383109756097575,30.860578947368417,199.88236363636358,54.93195652173913,196.86445108695628,31.526579545454545,runtime_ham2,3.853,runtime_ham9,31.396,runtime_ham10,6.901
195,4.313,5.992000000000001,199.99099999999999,3.67,199.983,1.3980000000000001,32.383109756097575,30.860578947368417,199.88236363636358,10.448162790697674,196.86445108695628,31.526579545454545,runtime_ham6,3.67,runtime_ham2,5.992000000000001,runtime_ham9,1.3980000000000001
196,3.9,0.569,199.96400000000003,0.467,199.986,21.469,32.383109756097575,30.860578947368417,199.88236363636358,10.448162790697674,196.86445108695628,31.526579545454545,runtime_ham6,0.467,runtime_ham2,0.569,runtime_ham9,21.469
197,16.755,28.898000000000003,199.99,24.141,199.986,9.175,32.383109756097575,30.860578947368417,199.88236363636358,91.99770386266097,196.86445108695628,31.526579545454545,runtime_ham2,28.898000000000003,runtime_ham9,9.175,runtime_ham10,16.755
198,2.532,9.185,199.989,7.702999999999999,199.986,146.935,32.383109756097575,30.860578947368417,199.88236363636358,91.99770386266097,196.86445108695628,31.526579545454545,runtime_ham2,9.185,runtime_ham9,146.935,runtime_ham10,2.532
199,2.7969999999999997,8.381,199.995,7.037999999999999,199.989,17.048,32.383109756097575,30.860578947368417,199.88236363636358,91.99770386266097,196.86445108695628,31.526579545454545,runtime_ham2,8.381,runtime_ham9,17.048,runtime_ham10,2.7969999999999997
200,29.299,12.089,199.952,10.185,199.984,6.962000000000001,32.383109756097575,30.860578947368417,199.88236363636358,91.99770386266097,196.86445108695628,31.526579545454545,runtime_ham2,12.089,runtime_ham9,6.962000000000001,runtime_ham10,29.299
201,0.872,3.5439999999999996,199.99,46.218,199.986,2.4530000000000003,32.383109756097575,30.860578947368417,199.88236363636358,91.99770386266097,196.86445108695628,31.526579545454545,runtime_ham2,3.5439999999999996,runtime_ham9,2.4530000000000003,runtime_ham10,0.872
202,20.818,28.121,199.989,23.544,199.982,87.87100000000001,32.383109756097575,30.860578947368417,199.88236363636358,91.99770386266097,196.86445108695628,31.526579545454545,runtime_ham2,28.121,runtime_ham9,87.87100000000001,runtime_ham10,20.818
203,6.218,2.025,199.989,4.202,199.977,139.00799999999998,32.383109756097575,30.860578947368417,199.88236363636358,91.99770386266097,196.86445108695628,31.526579545454545,runtime_ham2,2.025,runtime_ham9,139.00799999999998,runtime_ham10,6.218
204,66.274,10.016,199.968,199.988,199.953,3.17,32.383109756097575,30.860578947368417,199.88236363636358,91.99770386266097,196.86445108695628,31.526579545454545,runtime_ham2,10.016,runtime_ham9,3.17,runtime_ham10,66.274
205,0.344,22.105999999999998,199.925,5.419,199.959,1.82,32.383109756097575,30.860578947368417,199.88236363636358,91.99770386266097,196.86445108695628,31.526579545454545,runtime_ham2,22.105999999999998,runtime_ham9,1.82,runtime_ham10,0.344
206,39.4,8.329,199.989,78.834,199.983,55.611999999999995,32.383109756097575,30.860578947368417,199.88236363636358,91.99770386266097,196.86445108695628,31.526579545454545,runtime_ham2,8.329,runtime_ham9,55.611999999999995,runtime_ham10,39.4
207,199.987,180.267,199.99400000000003,43.367,199.985,97.111,199.98749999999998,30.860578947368417,199.88236363636358,91.99770386266097,196.86445108695628,31.526579545454545,runtime_ham2,180.267,runtime_ham9,97.111,runtime_ham6,43.367
208,0.013000000000000001,0.022000000000000002,199.938,0.013999999999999999,199.99400000000003,0.013000000000000001,32.383109756097575,30.860578947368417,199.88236363636358,91.99770386266097,196.86445108695628,31.526579545454545,runtime_ham2,0.022000000000000002,runtime_ham9,0.013000000000000001,runtime_ham10,0.013000000000000001
209,12.035,20.498,199.99,136.118,199.98,49.79600000000001,32.383109756097575,30.860578947368417,199.88236363636358,91.99770386266097,196.86445108695628,31.526579545454545,runtime_ham2,20.498,runtime_ham9,49.79600000000001,runtime_ham10,12.035
210,43.288999999999994,199.993,199.99,6.433,199.985,79.51100000000001,32.383109756097575,30.860578947368417,199.88236363636358,91.99770386266097,196.86445108695628,31.526579545454545,runtime_ham2,199.993,runtime_ham9,79.51100000000001,runtime_ham10,43.288999999999994
211,17.454,115.684,199.989,2.997,199.983,7.242999999999999,32.383109756097575,30.860578947368417,199.88236363636358,91.99770386266097,196.86445108695628,31.526579545454545,runtime_ham2,115.684,runtime_ham9,7.242999999999999,runtime_ham10,17.454
212,199.988,11.155999999999999,199.98,5.447,199.987,37.251999999999995,199.98749999999998,30.860578947368417,199.88236363636358,91.99770386266097,196.86445108695628,31.526579545454545,runtime_ham2,11.155999999999999,runtime_ham9,37.251999999999995,runtime_ham6,5.447
213,2.95,98.775,199.989,49.875,199.938,199.99400000000003,32.383109756097575,30.860578947368417,199.88236363636358,91.99770386266097,196.86445108695628,31.526579545454545,runtime_ham2,98.775,runtime_ham9,199.99400000000003,runtime_ham10,2.95
214,1.215,18.125999999999998,199.97799999999998,20.603,199.99400000000003,25.245,32.383109756097575,30.860578947368417,199.88236363636358,91.99770386266097,196.86445108695628,31.526579545454545,runtime_ham2,18.125999999999998,runtime_ham9,25.245,runtime_ham10,1.215
215,19.299,8.429,199.995,49.888000000000005,199.99400000000003,8.552,32.383109756097575,30.860578947368417,199.88236363636358,91.99770386266097,196.86445108695628,31.526579545454545,runtime_ham2,8.429,runtime_ham9,8.552,runtime_ham10,19.299
216,199.987,15.029000000000002,199.989,33.945,199.94299999999998,30.346999999999998,199.98749999999998,30.860578947368417,199.88236363636358,91.99770386266097,196.86445108695628,31.526579545454545,runtime_ham2,15.029000000000002,runtime_ham9,30.346999999999998,runtime_ham6,33.945
217,111.38600000000001,9.95,199.96599999999998,8.95,199.97,42.136,32.383109756097575,30.860578947368417,199.88236363636358,91.99770386266097,196.86445108695628,31.526579545454545,runtime_ham2,9.95,runtime_ham9,42.136,runtime_ham10,111.38600000000001
218,55.406000000000006,10.862,199.977,9.77,199.986,134.079,89.94099999999999,30.860578947368417,199.88236363636358,91.99770386266097,196.86445108695628,31.526579545454545,runtime_ham2,10.862,runtime_ham9,134.079,runtime_ham10,55.406000000000006
219,36.67,7.652,199.989,6.9079999999999995,199.93599999999998,40.034,32.383109756097575,30.860578947368417,199.88236363636358,91.99770386266097,196.86445108695628,31.526579545454545,runtime_ham2,7.652,runtime_ham9,40.034,runtime_ham10,36.67
220,199.988,24.436,199.963,1.9269999999999998,199.986,84.09299999999999,89.94099999999999,30.860578947368417,199.88236363636358,91.99770386266097,196.86445108695628,31.526579545454545,runtime_ham2,24.436,runtime_ham9,84.09299999999999,runtime_ham10,199.988
221,84.23299999999999,48.247,199.988,199.987,199.993,32.316,89.94099999999999,30.860578947368417,199.88236363636358,91.99770386266097,196.86445108695628,31.526579545454545,runtime_ham2,48.247,runtime_ham9,32.316,runtime_ham10,84.23299999999999
222,18.269000000000002,199.993,199.993,157.512,199.984,34.199,89.94099999999999,30.860578947368417,199.88236363636358,91.99770386266097,196.86445108695628,31.526579545454545,runtime_ham2,199.993,runtime_ham9,34.199,runtime_ham10,18.269000000000002
223,16.015,15.074000000000002,199.989,40.437,199.99200000000002,9.132,89.94099999999999,30.860578947368417,199.88236363636358,91.99770386266097,196.86445108695628,31.526579545454545,runtime_ham2,15.074000000000002,runtime_ham9,9.132,runtime_ham10,16.015
224,0.149,107.788,199.989,101.449,199.985,37.008,32.383109756097575,30.860578947368417,199.88236363636358,91.99770386266097,196.86445108695628,31.526579545454545,runtime_ham2,107.788,runtime_ham9,37.008,runtime_ham10,0.149
225,42.585,8.341000000000001,199.99,199.986,199.97099999999998,199.99400000000003,89.94099999999999,30.860578947368417,199.88236363636358,91.99770386266097,196.86445108695628,199.99400000000003,runtime_ham2,8.341000000000001,runtime_ham10,42.585,runtime_ham6,199.986
226,40.196999999999996,23.585,199.97400000000002,199.988,199.984,47.481,89.94099999999999,30.860578947368417,199.88236363636358,91.99770386266097,196.86445108695628,31.526579545454545,runtime_ham2,23.585,runtime_ham9,47.481,runtime_ham10,40.196999999999996
227,38.031,27.345,199.995,199.988,199.97799999999998,2.427,89.94099999999999,30.860578947368417,199.88236363636358,91.99770386266097,196.86445108695628,31.526579545454545,runtime_ham2,27.345,runtime_ham9,2.427,runtime_ham10,38.031
228,136.994,199.99200000000002,199.99099999999999,199.988,199.982,19.608,89.94099999999999,30.860578947368417,199.88236363636358,91.99770386266097,196.86445108695628,31.526579545454545,runtime_ham2,199.99200000000002,runtime_ham9,19.608,runtime_ham10,136.994
229,199.987,2.734,199.995,8.138,199.935,61.351000000000006,89.94099999999999,30.860578947368417,199.88236363636358,91.99770386266097,196.86445108695628,31.526579545454545,runtime_ham2,2.734,runtime_ham9,61.351000000000006,runtime_ham10,199.987
230,199.989,47.645,199.988,199.988,199.972,41.782,89.94099999999999,30.860578947368417,199.88236363636358,91.99770386266097,196.86445108695628,31.526579545454545,runtime_ham2,47.645,runtime_ham9,41.782,runtime_ham10,199.989
231,22.503,140.475,199.995,199.988,199.972,199.99400000000003,89.94099999999999,30.860578947368417,199.88236363636358,91.99770386266097,196.86445108695628,199.99400000000003,runtime_ham2,140.475,runtime_ham10,22.503,runtime_ham6,199.988
232,61.882,13.217,199.99200000000002,10.593,199.985,107.286,89.94099999999999,30.860578947368417,199.88236363636358,91.99770386266097,196.86445108695628,31.526579545454545,runtime_ham2,13.217,runtime_ham9,107.286,runtime_ham10,61.882
233,199.988,199.99200000000002,199.976,199.988,199.985,199.993,199.98749999999998,30.860578947368417,199.88236363636358,91.99770386266097,196.86445108695628,31.526579545454545,runtime_ham2,199.99200000000002,runtime_ham9,199.993,runtime_ham6,199.988
234,64.928,3.7460000000000004,199.99099999999999,199.983,199.989,199.99400000000003,89.94099999999999,30.860578947368417,199.88236363636358,189.28338461538462,196.86445108695628,199.99418750000004,runtime_ham2,3.7460000000000004,runtime_ham10,64.928,runtime_ham6,199.983
235,103.89200000000001,16.162,199.988,199.983,199.988,199.99400000000003,32.383109756097575,30.860578947368417,199.88236363636358,189.28338461538462,196.86445108695628,108.07844444444444,runtime_ham2,16.162,runtime_ham10,103.89200000000001,runtime_ham9,199.99400000000003
236,152.025,199.99400000000003,199.99,199.983,199.986,199.993,97.29642857142862,199.99150000000006,199.88236363636358,189.28338461538462,196.86445108695628,199.99418750000004,runtime_ham10,152.025,runtime_ham6,199.983,runtime_ham8,199.986
237,95.494,199.99400000000003,199.99099999999999,199.982,199.99200000000002,199.99099999999999,97.29642857142862,199.99150000000006,199.88236363636358,189.28338461538462,196.86445108695628,199.99418750000004,runtime_ham10,95.494,runtime_ham6,199.982,runtime_ham8,199.99200000000002
238,142.082,65.377,199.99200000000002,3.168,199.99200000000002,10.252,97.29642857142862,30.860578947368417,199.88236363636358,91.99770386266097,196.86445108695628,31.526579545454545,runtime_ham2,65.377,runtime_ham9,10.252,runtime_ham6,3.168
239,86.932,21.066,199.995,62.408,199.99,20.064,97.29642857142862,30.860578947368417,199.88236363636358,91.99770386266097,196.86445108695628,31.526579545454545,runtime_ham2,21.066,runtime_ham9,20.064,runtime_ham6,62.408
240,110.984,23.195999999999998,199.995,56.136,199.99400000000003,81.212,97.29642857142862,30.860578947368417,199.88236363636358,91.99770386266097,196.86445108695628,31.526579545454545,runtime_ham2,23.195999999999998,runtime_ham9,81.212,runtime_ham6,56.136
241,91.544,104.662,199.99200000000002,1.994,199.99400000000003,199.99400000000003,97.29642857142862,30.860578947368417,199.88236363636358,91.99770386266097,196.86445108695628,108.07844444444444,runtime_ham2,104.662,runtime_ham6,1.994,runtime_ham10,91.544
242,109.78200000000001,18.827,199.993,17.904,199.99099999999999,2.781,97.29642857142862,92.05605555555552,199.88236363636358,91.99770386266097,196.86445108695628,108.07844444444444,runtime_ham6,17.904,runtime_ham2,18.827,runtime_ham10,109.78200000000001
243,94.38,148.3,199.995,36.846,199.99400000000003,43.055,97.29642857142862,92.05605555555552,199.88236363636358,91.99770386266097,196.86445108695628,97.28607031249997,runtime_ham6,36.846,runtime_ham2,148.3,runtime_ham9,43.055
244,155.876,7.8389999999999995,199.995,122.272,199.99400000000003,19.904,97.29642857142862,30.860578947368417,199.88236363636358,91.99770386266097,196.86445108695628,31.526579545454545,runtime_ham2,7.8389999999999995,runtime_ham9,19.904,runtime_ham6,122.272
245,101.073,199.995,199.99200000000002,63.508,199.993,21.906,97.29642857142862,199.99150000000006,199.88236363636358,91.99770386266097,196.86445108695628,108.07844444444444,runtime_ham6,63.508,runtime_ham10,101.073,runtime_ham9,21.906
246,69.241,23.087,199.99200000000002,7.587000000000001,199.993,36.453,97.29642857142862,30.860578947368417,199.88236363636358,91.99770386266097,196.86445108695628,31.526579545454545,runtime_ham2,23.087,runtime_ham9,36.453,runtime_ham6,7.587000000000001
247,82.31299999999999,199.993,199.993,169.449,199.99,199.99400000000003,97.29642857142862,30.860578947368417,199.88236363636358,91.99770386266097,196.86445108695628,199.99418750000004,runtime_ham2,199.993,runtime_ham6,169.449,runtime_ham10,82.31299999999999
248,142.618,65.139,199.995,109.15,199.99099999999999,9.381,32.383109756097575,30.860578947368417,199.88236363636358,91.99770386266097,196.86445108695628,31.526579545454545,runtime_ham2,65.139,runtime_ham9,9.381,runtime_ham10,142.618
249,126.91,9.852,199.989,96.389,199.993,53.531000000000006,32.383109756097575,30.860578947368417,199.88236363636358,91.99770386266097,196.86445108695628,31.526579545454545,runtime_ham2,9.852,runtime_ham9,53.531000000000006,runtime_ham10,126.91
250,134.944,11.059000000000001,199.993,14.958,199.99400000000003,7.34,32.383109756097575,30.860578947368417,199.88236363636358,91.99770386266097,196.86445108695628,31.526579545454545,runtime_ham2,11.059000000000001,runtime_ham9,7.34,runtime_ham10,134.944
251,111.76899999999999,199.99400000000003,199.993,199.987,199.99,17.037,89.94099999999999,92.05605555555552,199.88236363636358,189.28338461538462,196.86445108695628,97.28607031249997,runtime_ham10,111.76899999999999,runtime_ham2,199.99400000000003,runtime_ham9,17.037
252,102.959,199.993,199.993,199.987,199.99,14.708,32.383109756097575,92.05605555555552,199.88236363636358,189.28338461538462,196.86445108695628,97.28607031249997,runtime_ham10,102.959,runtime_ham2,199.993,runtime_ham9,14.708
253,133.513,199.993,199.993,199.984,199.99099999999999,199.993,89.94099999999999,92.05605555555552,199.88236363636358,189.28338461538462,196.86445108695628,97.28607031249997,runtime_ham10,133.513,runtime_ham2,199.993,runtime_ham9,199.993
254,95.26100000000001,199.99400000000003,199.993,115.389,199.99,126.119,32.383109756097575,92.05605555555552,199.88236363636358,189.28338461538462,196.86445108695628,97.28607031249997,runtime_ham10,95.26100000000001,runtime_ham2,199.99400000000003,runtime_ham9,126.119
255,64.888,136.483,199.993,199.986,199.99,107.655,32.383109756097575,92.05605555555552,199.88236363636358,189.28338461538462,196.86445108695628,97.28607031249997,runtime_ham10,64.888,runtime_ham2,136.483,runtime_ham9,107.655
256,102.708,199.99400000000003,199.993,199.987,199.99099999999999,51.035,89.94099999999999,92.05605555555552,199.88236363636358,189.28338461538462,196.86445108695628,97.28607031249997,runtime_ham10,102.708,runtime_ham2,199.99400000000003,runtime_ham9,51.035
257,146.67600000000002,22.734,199.993,199.986,199.99099999999999,199.99400000000003,97.29642857142862,92.05605555555552,199.88236363636358,189.28338461538462,196.86445108695628,108.07844444444444,runtime_ham2,22.734,runtime_ham10,146.67600000000002,runtime_ham9,199.99400000000003
258,138.845,199.99400000000003,199.993,199.987,199.99099999999999,56.54600000000001,97.29642857142862,199.99150000000006,199.88236363636358,189.28338461538462,196.86445108695628,108.07844444444444,runtime_ham10,138.845,runtime_ham9,56.54600000000001,runtime_ham6,199.987
259,112.365,199.99400000000003,199.995,63.092,199.99099999999999,56.475,97.29642857142862,199.99150000000006,199.88236363636358,91.99770386266097,196.86445108695628,108.07844444444444,runtime_ham6,63.092,runtime_ham10,112.365,runtime_ham9,56.475
260,92.054,199.993,199.99200000000002,145.46,199.99099999999999,12.177999999999999,32.383109756097575,92.05605555555552,199.88236363636358,189.28338461538462,196.86445108695628,97.28607031249997,runtime_ham10,92.054,runtime_ham2,199.993,runtime_ham9,12.177999999999999
261,141.18200000000002,51.703,4.904,81.22,148.35,199.99599999999998,109.8988783783784,92.05605555555552,39.62383529411765,91.99770386266097,47.60808235294119,62.60126315789473,runtime_ham4,4.904,runtime_ham8,148.35,runtime_ham9,199.99599999999998
262,132.273,199.99200000000002,1.466,199.993,9.033999999999999,199.99599999999998,109.8988783783784,92.05605555555552,39.62383529411765,91.99770386266097,47.60808235294119,62.60126315789473,runtime_ham4,1.466,runtime_ham8,9.033999999999999,runtime_ham9,199.99599999999998
263,185.528,156.517,59.119,91.162,199.995,0.7809999999999999,109.8988783783784,92.05605555555552,39.62383529411765,91.99770386266097,47.60808235294119,62.60126315789473,runtime_ham4,59.119,runtime_ham8,199.995,runtime_ham9,0.7809999999999999
264,62.428000000000004,1.173,15.335999999999999,199.99400000000003,199.995,199.99400000000003,109.8988783783784,92.05605555555552,39.62383529411765,91.99770386266097,47.60808235294119,62.60126315789473,runtime_ham4,15.335999999999999,runtime_ham8,199.995,runtime_ham9,199.99400000000003
265,82.759,199.97400000000002,3.23,49.166000000000004,199.995,12.171,109.8988783783784,92.05605555555552,39.62383529411765,91.99770386266097,47.60808235294119,62.60126315789473,runtime_ham4,3.23,runtime_ham8,199.995,runtime_ham9,12.171
266,90.586,22.354,10.092,199.995,8.112,144.66299999999998,109.8988783783784,92.05605555555552,39.62383529411765,91.99770386266097,47.60808235294119,62.60126315789473,runtime_ham4,10.092,runtime_ham8,8.112,runtime_ham9,144.66299999999998
267,51.792,199.99400000000003,14.399000000000001,199.993,0.818,199.99400000000003,77.78176470588237,92.05605555555552,39.62383529411765,91.99770386266097,47.60808235294119,62.60126315789473,runtime_ham4,14.399000000000001,runtime_ham8,0.818,runtime_ham9,199.99400000000003
268,150.233,3.699,25.316999999999997,199.993,3.668,24.013,109.8988783783784,92.05605555555552,39.62383529411765,91.99770386266097,47.60808235294119,62.60126315789473,runtime_ham4,25.316999999999997,runtime_ham8,3.668,runtime_ham9,24.013
269,139.465,199.99599999999998,12.324000000000002,63.64,199.99400000000003,199.99599999999998,109.8988783783784,92.05605555555552,39.62383529411765,91.99770386266097,47.60808235294119,62.60126315789473,runtime_ham4,12.324000000000002,runtime_ham8,199.99400000000003,runtime_ham9,199.99599999999998
270,159.194,42.053999999999995,117.47,9.587,42.318000000000005,189.075,109.8988783783784,92.05605555555552,39.62383529411765,91.99770386266097,47.60808235294119,62.60126315789473,runtime_ham4,117.47,runtime_ham8,42.318000000000005,runtime_ham9,189.075
271,146.394,59.96,60.136,3.781,11.318,3.325,109.8988783783784,92.05605555555552,39.62383529411765,91.99770386266097,47.60808235294119,62.60126315789473,runtime_ham4,60.136,runtime_ham8,11.318,runtime_ham9,3.325
272,121.083,77.59,151.299,7.23,193.951,24.04,109.8988783783784,92.05605555555552,39.62383529411765,91.99770386266097,47.60808235294119,62.60126315789473,runtime_ham4,151.299,runtime_ham8,193.951,runtime_ham9,24.04
273,52.818000000000005,4.505,99.98700000000001,68.122,199.99400000000003,27.361,109.8988783783784,92.05605555555552,39.62383529411765,91.99770386266097,47.60808235294119,62.60126315789473,runtime_ham4,99.98700000000001,runtime_ham8,199.99400000000003,runtime_ham9,27.361
274,47.128,199.99599999999998,170.361,84.68,199.99400000000003,199.99599999999998,109.8988783783784,92.05605555555552,39.62383529411765,91.99770386266097,47.60808235294119,62.60126315789473,runtime_ham4,170.361,runtime_ham8,199.99400000000003,runtime_ham9,199.99599999999998
275,71.166,199.99599999999998,48.005,199.99099999999999,49.711999999999996,0.187,77.78176470588237,92.05605555555552,39.62383529411765,91.99770386266097,47.60808235294119,62.60126315789473,runtime_ham4,48.005,runtime_ham8,49.711999999999996,runtime_ham9,0.187
276,123.421,1.369,9.026,5.121,7.074,61.295,109.8988783783784,92.05605555555552,39.62383529411765,91.99770386266097,47.60808235294119,62.60126315789473,runtime_ham4,9.026,runtime_ham8,7.074,runtime_ham9,61.295
277,52.523999999999994,19.819000000000003,3.957,4.1419999999999995,6.776,17.073,109.8988783783784,92.05605555555552,39.62383529411765,91.99770386266097,47.60808235294119,62.60126315789473,runtime_ham4,3.957,runtime_ham8,6.776,runtime_ham9,17.073
278,47.258,129.22899999999998,76.455,88.17299999999999,2.244,199.995,77.78176470588237,92.05605555555552,39.62383529411765,91.99770386266097,47.60808235294119,62.60126315789473,runtime_ham4,76.455,runtime_ham8,2.244,runtime_ham9,199.995
279,112.21600000000001,20.65,18.764,84.134,13.742,1.879,109.8988783783784,92.05605555555552,39.62383529411765,91.99770386266097,47.60808235294119,62.60126315789473,runtime_ham4,18.764,runtime_ham8,13.742,runtime_ham9,1.879
280,44.89,0.126,4.027,73.253,6.245,59.396,109.8988783783784,92.05605555555552,39.62383529411765,91.99770386266097,47.60808235294119,62.60126315789473,runtime_ham4,4.027,runtime_ham8,6.245,runtime_ham9,59.396
281,136.614,165.389,9.343,123.686,27.961,12.959000000000001,109.8988783783784,92.05605555555552,39.62383529411765,91.99770386266097,47.60808235294119,62.60126315789473,runtime_ham4,9.343,runtime_ham8,27.961,runtime_ham9,12.959000000000001
282,67.39,15.985999999999999,8.679,7.526,1.176,6.348,109.8988783783784,92.05605555555552,39.62383529411765,91.99770386266097,47.60808235294119,62.60126315789473,runtime_ham4,8.679,runtime_ham8,1.176,runtime_ham9,6.348
283,56.383,9.907,5.966,21.621,68.71600000000001,3.565,77.78176470588237,92.05605555555552,39.62383529411765,91.99770386266097,47.60808235294119,62.60126315789473,runtime_ham4,5.966,runtime_ham8,68.71600000000001,runtime_ham9,3.565
284,53.513000000000005,43.833,3.0460000000000003,68.85,24.026,20.493000000000002,77.78176470588237,92.05605555555552,39.62383529411765,91.99770386266097,47.60808235294119,62.60126315789473,runtime_ham4,3.0460000000000003,runtime_ham8,24.026,runtime_ham9,20.493000000000002
285,77.169,54.872,130.221,18.371,116.471,19.992,109.8988783783784,92.05605555555552,39.62383529411765,91.99770386266097,47.60808235294119,62.60126315789473,runtime_ham4,130.221,runtime_ham8,116.471,runtime_ham9,19.992
286,65.002,46.382,2.19,74.37899999999999,2.529,1.713,109.8988783783784,92.05605555555552,39.62383529411765,91.99770386266097,47.60808235294119,62.60126315789473,runtime_ham4,2.19,runtime_ham8,2.529,runtime_ham9,1.713
287,132.102,130.476,16.918,5.817,21.385,5.468999999999999,109.8988783783784,92.05605555555552,39.62383529411765,91.99770386266097,47.60808235294119,62.60126315789473,runtime_ham4,16.918,runtime_ham8,21.385,runtime_ham9,5.468999999999999
288,169.986,54.903999999999996,24.006,48.755,14.21,27.607,109.8988783783784,92.05605555555552,39.62383529411765,91.99770386266097,47.60808235294119,62.60126315789473,runtime_ham4,24.006,runtime_ham8,14.21,runtime_ham9,27.607
289,134.894,4.232,198.365,1.7169999999999999,4.117,9.125,109.8988783783784,92.05605555555552,39.62383529411765,91.99770386266097,47.60808235294119,62.60126315789473,runtime_ham4,198.365,runtime_ham8,4.117,runtime_ham9,9.125
290,122.555,55.571999999999996,1.421,11.686,179.419,9.711,109.8988783783784,92.05605555555552,39.62383529411765,91.99770386266097,47.60808235294119,62.60126315789473,runtime_ham4,1.421,runtime_ham8,179.419,runtime_ham9,9.711
291,127.40799999999999,5.167999999999999,32.207,85.69,193.237,3.824,109.8988783783784,92.05605555555552,39.62383529411765,91.99770386266097,47.60808235294119,62.60126315789473,runtime_ham4,32.207,runtime_ham8,193.237,runtime_ham9,3.824
292,45.233000000000004,148.57299999999998,10.29,24.59,9.317,3.0980000000000003,109.8988783783784,92.05605555555552,39.62383529411765,91.99770386266097,47.60808235294119,62.60126315789473,runtime_ham4,10.29,runtime_ham8,9.317,runtime_ham9,3.0980000000000003
293,49.611000000000004,19.785999999999998,6.754,44.498000000000005,61.574,19.658,109.8988783783784,92.05605555555552,39.62383529411765,91.99770386266097,47.60808235294119,62.60126315789473,runtime_ham4,6.754,runtime_ham8,61.574,runtime_ham9,19.658
294,70.71300000000001,83.32799999999999,25.497,78.60600000000001,13.755,199.995,77.78176470588237,92.05605555555552,39.62383529411765,91.99770386266097,47.60808235294119,62.60126315789473,runtime_ham4,25.497,runtime_ham8,13.755,runtime_ham9,199.995
295,72.27,48.735,4.277,146.078,95.421,49.857,109.8988783783784,92.05605555555552,39.62383529411765,91.99770386266097,47.60808235294119,62.60126315789473,runtime_ham4,4.277,runtime_ham8,95.421,runtime_ham9,49.857
296,112.67399999999999,4.669,3.696,199.99400000000003,169.237,116.973,109.8988783783784,92.05605555555552,39.62383529411765,91.99770386266097,47.60808235294119,62.60126315789473,runtime_ham4,3.696,runtime_ham8,169.237,runtime_ham9,116.973
297,199.99400000000003,195.315,185.28400000000002,30.958000000000002,3.0639999999999996,80.829,77.78176470588237,92.05605555555552,39.62383529411765,91.99770386266097,47.60808235294119,62.60126315789473,runtime_ham4,185.28400000000002,runtime_ham8,3.0639999999999996,runtime_ham9,80.829
298,161.148,1.197,26.548000000000002,20.266,3.451,9.033999999999999,109.8988783783784,92.05605555555552,39.62383529411765,91.99770386266097,47.60808235294119,62.60126315789473,runtime_ham4,26.548000000000002,runtime_ham8,3.451,runtime_ham9,9.033999999999999
299,50.49100000000001,3.072,3.656,13.093,4.17,1.4409999999999998,77.78176470588237,92.05605555555552,39.62383529411765,91.99770386266097,47.60808235294119,62.60126315789473,runtime_ham4,3.656,runtime_ham8,4.17,runtime_ham9,1.4409999999999998
300,46.615,74.399,152.049,53.263999999999996,5.591,16.453,109.8988783783784,92.05605555555552,39.62383529411765,91.99770386266097,47.60808235294119,62.60126315789473,runtime_ham4,152.049,runtime_ham8,5.591,runtime_ham9,16.453
301,157.336,66.804,25.691999999999997,9.943,7.369,6.855,109.8988783783784,92.05605555555552,39.62383529411765,91.99770386266097,47.60808235294119,62.60126315789473,runtime_ham4,25.691999999999997,runtime_ham8,7.369,runtime_ham9,6.855
302,119.23100000000001,33.733000000000004,20.646,30.976,0.49700000000000005,69.567,77.78176470588237,92.05605555555552,39.62383529411765,91.99770386266097,47.60808235294119,62.60126315789473,runtime_ham4,20.646,runtime_ham8,0.49700000000000005,runtime_ham9,69.567
303,58.05,0.276,49.347,122.90899999999999,26.019000000000002,69.944,77.78176470588237,92.05605555555552,39.62383529411765,91.99770386266097,47.60808235294119,62.60126315789473,runtime_ham4,49.347,runtime_ham8,26.019000000000002,runtime_ham9,69.944
304,132.372,4.364,87.03399999999999,19.617,17.195,81.86,77.78176470588237,92.05605555555552,39.62383529411765,91.99770386266097,47.60808235294119,62.60126315789473,runtime_ham4,87.03399999999999,runtime_ham8,17.195,runtime_ham9,81.86
305,47.394,15.981,9.806000000000001,92.772,33.199,6.472,77.78176470588237,92.05605555555552,39.62383529411765,91.99770386266097,47.60808235294119,62.60126315789473,runtime_ham4,9.806000000000001,runtime_ham8,33.199,runtime_ham9,6.472
306,68.11399999999999,49.026,50.15,199.995,5.457999999999999,167.642,109.8988783783784,92.05605555555552,39.62383529411765,91.99770386266097,47.60808235294119,62.60126315789473,runtime_ham4,50.15,runtime_ham8,5.457999999999999,runtime_ham9,167.642
307,52.503,19.613,9.676,0.494,2.633,9.422,77.78176470588237,92.05605555555552,39.62383529411765,91.99770386266097,47.60808235294119,62.60126315789473,runtime_ham4,9.676,runtime_ham8,2.633,runtime_ham9,9.422
308,164.593,12.659,40.555,21.541999999999998,17.51,199.99599999999998,109.8988783783784,92.05605555555552,39.62383529411765,91.99770386266097,47.60808235294119,62.60126315789473,runtime_ham4,40.555,runtime_ham8,17.51,runtime_ham9,199.99599999999998
309,47.122,199.995,1.33,38.324,49.36,14.008,77.78176470588237,92.05605555555552,39.62383529411765,91.99770386266097,47.60808235294119,62.60126315789473,runtime_ham4,1.33,runtime_ham8,49.36,runtime_ham9,14.008
310,140.222,90.50200000000001,18.236,9.775,20.528000000000002,74.191,77.78176470588237,92.05605555555552,39.62383529411765,91.99770386266097,47.60808235294119,62.60126315789473,runtime_ham4,18.236,runtime_ham8,20.528000000000002,runtime_ham9,74.191
311,68.268,6.261,14.905999999999999,4.046,0.37799999999999995,20.951,77.78176470588237,92.05605555555552,39.62383529411765,91.99770386266097,47.60808235294119,62.60126315789473,runtime_ham4,14.905999999999999,runtime_ham8,0.37799999999999995,runtime_ham9,20.951
312,57.218,53.43,16.065,25.636,27.004,69.095,77.78176470588237,92.05605555555552,39.62383529411765,91.99770386266097,47.60808235294119,62.60126315789473,runtime_ham4,16.065,runtime_ham8,27.004,runtime_ham9,69.095
313,50.282,2.063,4.2,1.5019999999999998,3.658,18.447,77.78176470588237,92.05605555555552,39.62383529411765,91.99770386266097,47.60808235294119,62.60126315789473,runtime_ham4,4.2,runtime_ham8,3.658,runtime_ham9,18.447
314,57.788999999999994,7.72,1.929,5.091,8.004,41.379,77.78176470588237,92.05605555555552,39.62383529411765,91.99770386266097,47.60808235294119,62.60126315789473,runtime_ham4,1.929,runtime_ham8,8.004,runtime_ham9,41.379
315,97.855,7.28,3.412,7.687,18.311,29.34,77.78176470588237,92.05605555555552,39.62383529411765,91.99770386266097,47.60808235294119,62.60126315789473,runtime_ham4,3.412,runtime_ham8,18.311,runtime_ham9,29.34
316,173.19400000000002,13.931,29.622,3.239,13.071,18.895,77.78176470588237,92.05605555555552,39.62383529411765,91.99770386266097,47.60808235294119,62.60126315789473,runtime_ham4,29.622,runtime_ham8,13.071,runtime_ham9,18.895
317,71.133,199.995,6.985,17.712,28.785,199.99599999999998,109.8988783783784,92.05605555555552,39.62383529411765,91.99770386266097,47.60808235294119,62.60126315789473,runtime_ham4,6.985,runtime_ham8,28.785,runtime_ham9,199.99599999999998
318,139.659,1.591,53.388999999999996,19.785,9.254,169.143,109.8988783783784,92.05605555555552,39.62383529411765,91.99770386266097,47.60808235294119,62.60126315789473,runtime_ham4,53.388999999999996,runtime_ham8,9.254,runtime_ham9,169.143
319,153.972,20.818,14.559000000000001,51.106,6.059,77.607,109.8988783783784,92.05605555555552,39.62383529411765,91.99770386266097,47.60808235294119,62.60126315789473,runtime_ham4,14.559000000000001,runtime_ham8,6.059,runtime_ham9,77.607
320,74.32,68.64699999999999,76.3,82.46600000000001,68.77199999999999,54.49,77.78176470588237,92.05605555555552,139.64535483870966,91.99770386266097,148.32484615384618,62.60126315789473,runtime_ham9,54.49,runtime_ham10,74.32,runtime_ham6,82.46600000000001
321,134.887,98.727,188.567,110.898,199.993,102.044,77.78176470588237,92.05605555555552,139.64535483870966,91.99770386266097,148.32484615384618,62.60126315789473,runtime_ham9,102.044,runtime_ham10,134.887,runtime_ham6,110.898
322,195.18400000000003,10.126,50.646,1.145,23.386,57.786,109.8988783783784,92.05605555555552,39.62383529411765,91.99770386266097,47.60808235294119,62.60126315789473,runtime_ham4,50.646,runtime_ham8,23.386,runtime_ham9,57.786
323,199.99200000000002,132.514,163.809,125.805,199.99400000000003,179.487,77.78176470588237,92.05605555555552,139.64535483870966,91.99770386266097,148.32484615384618,62.60126315789473,runtime_ham9,179.487,runtime_ham10,199.99200000000002,runtime_ham6,125.805
324,154.686,26.249000000000002,8.199,44.658,48.67,12.267000000000001,109.8988783783784,92.05605555555552,39.62383529411765,91.99770386266097,47.60808235294119,62.60126315789473,runtime_ham4,8.199,runtime_ham8,48.67,runtime_ham9,12.267000000000001
325,62.97,160.66899999999998,28.214000000000002,136.246,20.869,199.99400000000003,109.8988783783784,92.05605555555552,39.62383529411765,91.99770386266097,47.60808235294119,62.60126315789473,runtime_ham4,28.214000000000002,runtime_ham8,20.869,runtime_ham9,199.99400000000003
326,43.349,0.308,15.55,45.765,30.323,75.119,109.8988783783784,92.05605555555552,39.62383529411765,91.99770386266097,47.60808235294119,62.60126315789473,runtime_ham4,15.55,runtime_ham8,30.323,runtime_ham9,75.119
327,88.08200000000001,199.995,7.473,199.993,14.784,24.837,109.8988783783784,92.05605555555552,39.62383529411765,91.99770386266097,47.60808235294119,62.60126315789473,runtime_ham4,7.473,runtime_ham8,14.784,runtime_ham9,24.837
328,52.246,48.489,16.332,199.99099999999999,165.168,167.903,109.8988783783784,92.05605555555552,39.62383529411765,91.99770386266097,47.60808235294119,62.60126315789473,runtime_ham4,16.332,runtime_ham8,165.168,runtime_ham9,167.903
329,63.696000000000005,3.108,24.975,199.99099999999999,199.993,199.99599999999998,109.8988783783784,92.05605555555552,39.62383529411765,91.99770386266097,47.60808235294119,62.60126315789473,runtime_ham4,24.975,runtime_ham8,199.993,runtime_ham9,199.99599999999998
330,92.43299999999999,42.481,3.451,144.0,40.048,80.472,109.8988783783784,92.05605555555552,39.62383529411765,91.99770386266097,47.60808235294119,62.60126315789473,runtime_ham4,3.451,runtime_ham8,40.048,runtime_ham9,80.472
331,165.18599999999998,77.304,183.232,199.993,163.95,16.809,109.8988783783784,92.05605555555552,39.62383529411765,91.99770386266097,47.60808235294119,62.60126315789473,runtime_ham4,183.232,runtime_ham8,163.95,runtime_ham9,16.809
332,50.926,190.003,8.289,199.99099999999999,3.647,26.131,109.8988783783784,92.05605555555552,39.62383529411765,91.99770386266097,47.60808235294119,62.60126315789473,runtime_ham4,8.289,runtime_ham8,3.647,runtime_ham9,26.131
333,54.089,199.99599999999998,199.995,27.147,3.6489999999999996,56.982,109.8988783783784,92.05605555555552,39.62383529411765,91.99770386266097,47.60808235294119,62.60126315789473,runtime_ham4,199.995,runtime_ham8,3.6489999999999996,runtime_ham9,56.982
334,50.998999999999995,10.818,19.273,2.5980000000000003,18.367,52.537,109.8988783783784,92.05605555555552,39.62383529411765,91.99770386266097,47.60808235294119,62.60126315789473,runtime_ham4,19.273,runtime_ham8,18.367,runtime_ham9,52.537
335,123.805,7.4,5.8660000000000005,0.711,30.322,27.569000000000003,109.8988783783784,92.05605555555552,39.62383529411765,91.99770386266097,47.60808235294119,62.60126315789473,runtime_ham4,5.8660000000000005,runtime_ham8,30.322,runtime_ham9,27.569000000000003
336,95.194,49.748000000000005,199.99099999999999,3.6710000000000003,199.993,199.99400000000003,97.29642857142862,92.05605555555552,199.88236363636358,91.99770386266097,196.86445108695628,97.28607031249997,runtime_ham6,3.6710000000000003,runtime_ham2,49.748000000000005,runtime_ham9,199.99400000000003
337,157.606,10.455,199.995,53.506,199.99200000000002,99.079,97.29642857142862,92.05605555555552,199.88236363636358,54.93195652173913,196.86445108695628,97.28607031249997,runtime_ham6,53.506,runtime_ham2,10.455,runtime_ham9,99.079
338,58.08,80.715,199.99200000000002,7.382999999999999,199.993,199.995,97.29642857142862,92.05605555555552,199.88236363636358,91.99770386266097,196.86445108695628,97.28607031249997,runtime_ham6,7.382999999999999,runtime_ham2,80.715,runtime_ham9,199.995
339,56.29600000000001,41.571000000000005,199.99400000000003,130.785,199.993,7.893,97.29642857142862,92.05605555555552,199.88236363636358,91.99770386266097,196.86445108695628,97.28607031249997,runtime_ham6,130.785,runtime_ham2,41.571000000000005,runtime_ham9,7.893
340,48.916000000000004,199.99400000000003,199.99400000000003,118.992,199.993,9.808,97.29642857142862,92.05605555555552,199.88236363636358,91.99770386266097,196.86445108695628,97.28607031249997,runtime_ham6,118.992,runtime_ham2,199.99400000000003,runtime_ham9,9.808
341,109.934,87.01100000000001,199.995,147.373,199.993,21.017,97.29642857142862,92.05605555555552,199.88236363636358,91.99770386266097,196.86445108695628,97.28607031249997,runtime_ham6,147.373,runtime_ham2,87.01100000000001,runtime_ham9,21.017
342,109.84700000000001,104.212,199.995,82.368,199.993,32.94,97.29642857142862,92.05605555555552,199.88236363636358,91.99770386266097,196.86445108695628,97.28607031249997,runtime_ham6,82.368,runtime_ham2,104.212,runtime_ham9,32.94
343,105.01,127.161,199.995,16.558,199.99200000000002,52.053000000000004,97.29642857142862,92.05605555555552,199.88236363636358,91.99770386266097,196.86445108695628,97.28607031249997,runtime_ham6,16.558,runtime_ham2,127.161,runtime_ham9,52.053000000000004
344,42.849,163.91099999999997,199.99400000000003,58.846000000000004,199.993,199.995,97.29642857142862,92.05605555555552,199.88236363636358,91.99770386266097,196.86445108695628,97.28607031249997,runtime_ham6,58.846000000000004,runtime_ham2,163.91099999999997,runtime_ham9,199.995
345,42.685,20.36,199.99400000000003,199.99,199.993,20.693,97.29642857142862,92.05605555555552,199.88236363636358,54.93195652173913,196.86445108695628,97.28607031249997,runtime_ham6,199.99,runtime_ham2,20.36,runtime_ham9,20.693
346,50.368,4.309,199.995,1.954,199.993,3.6289999999999996,97.29642857142862,92.05605555555552,199.88236363636358,91.99770386266097,196.86445108695628,97.28607031249997,runtime_ham6,1.954,runtime_ham2,4.309,runtime_ham9,3.6289999999999996
347,71.645,0.535,199.99400000000003,1.192,199.993,47.802,97.29642857142862,92.05605555555552,199.88236363636358,91.99770386266097,196.86445108695628,97.28607031249997,runtime_ham6,1.192,runtime_ham2,0.535,runtime_ham9,47.802
348,108.331,141.921,199.995,8.388,199.993,25.601,97.29642857142862,92.05605555555552,199.88236363636358,91.99770386266097,196.86445108695628,97.28607031249997,runtime_ham6,8.388,runtime_ham2,141.921,runtime_ham9,25.601
349,100.191,3.4,199.99400000000003,15.359000000000002,199.993,13.867,97.29642857142862,92.05605555555552,199.88236363636358,91.99770386266097,196.86445108695628,97.28607031249997,runtime_ham6,15.359000000000002,runtime_ham2,3.4,runtime_ham9,13.867
350,57.121,199.995,199.99400000000003,199.99,199.993,13.294,97.29642857142862,92.05605555555552,199.88236363636358,91.99770386266097,196.86445108695628,97.28607031249997,runtime_ham6,199.99,runtime_ham2,199.995,runtime_ham9,13.294
351,45.096000000000004,51.614,199.995,162.921,199.99099999999999,199.99200000000002,97.29642857142862,92.05605555555552,199.88236363636358,91.99770386266097,196.86445108695628,97.28607031249997,runtime_ham6,162.921,runtime_ham2,51.614,runtime_ham9,199.99200000000002
352,59.625,24.633000000000003,199.995,56.66,199.993,57.994,97.29642857142862,92.05605555555552,199.88236363636358,91.99770386266097,196.86445108695628,58.732,runtime_ham9,57.994,runtime_ham6,56.66,runtime_ham2,24.633000000000003
353,95.18,68.164,199.99400000000003,26.305,199.993,59.47,97.29642857142862,92.05605555555552,199.88236363636358,91.99770386266097,196.86445108695628,58.732,runtime_ham9,59.47,runtime_ham6,26.305,runtime_ham2,68.164
354,115.40100000000001,1.765,199.99200000000002,199.99,199.993,34.666,97.29642857142862,92.05605555555552,199.88236363636358,91.99770386266097,196.86445108695628,97.28607031249997,runtime_ham6,199.99,runtime_ham2,1.765,runtime_ham9,34.666
355,86.956,55.062,199.99400000000003,151.583,199.993,105.75,97.29642857142862,92.05605555555552,199.88236363636358,91.99770386266097,196.86445108695628,97.28607031249997,runtime_ham6,151.583,runtime_ham2,55.062,runtime_ham9,105.75
356,113.719,42.251000000000005,199.995,65.143,199.993,65.03399999999999,97.29642857142862,92.05605555555552,199.88236363636358,91.99770386266097,196.86445108695628,97.28607031249997,runtime_ham6,65.143,runtime_ham2,42.251000000000005,runtime_ham9,65.03399999999999
357,62.278,157.49200000000002,199.99400000000003,37.311,199.99099999999999,163.445,97.29642857142862,92.05605555555552,199.88236363636358,91.99770386266097,196.86445108695628,97.28607031249997,runtime_ham6,37.311,runtime_ham2,157.49200000000002,runtime_ham9,163.445
358,151.128,199.995,199.995,63.938,199.99200000000002,199.995,97.29642857142862,92.05605555555552,199.88236363636358,91.99770386266097,196.86445108695628,108.07844444444444,runtime_ham6,63.938,runtime_ham2,199.995,runtime_ham10,151.128
359,40.045,39.266999999999996,199.995,21.055999999999997,199.99200000000002,199.99400000000003,97.29642857142862,92.05605555555552,199.88236363636358,91.99770386266097,196.86445108695628,97.28607031249997,runtime_ham6,21.055999999999997,runtime_ham2,39.266999999999996,runtime_ham9,199.99400000000003
360,153.542,199.995,199.99400000000003,199.99,199.993,2.526,97.29642857142862,92.05605555555552,199.88236363636358,91.99770386266097,196.86445108695628,9.290333333333333,runtime_ham9,2.526,runtime_ham6,199.99,runtime_ham2,199.995
361,123.359,12.47,199.99400000000003,66.002,199.993,58.452,97.29642857142862,92.05605555555552,199.88236363636358,54.93195652173913,196.86445108695628,97.28607031249997,runtime_ham6,66.002,runtime_ham2,12.47,runtime_ham9,58.452
362,111.882,138.591,199.99400000000003,38.31,199.993,199.995,97.29642857142862,92.05605555555552,199.88236363636358,91.99770386266097,196.86445108695628,199.99418750000004,runtime_ham6,38.31,runtime_ham2,138.591,runtime_ham10,111.882
363,43.041000000000004,155.55200000000002,199.993,3.715,199.99200000000002,199.99400000000003,97.29642857142862,92.05605555555552,199.88236363636358,91.99770386266097,196.86445108695628,97.28607031249997,runtime_ham6,3.715,runtime_ham2,155.55200000000002,runtime_ham9,199.99400000000003
364,53.986999999999995,35.874,199.99400000000003,10.456,199.993,50.972,97.29642857142862,92.05605555555552,199.88236363636358,91.99770386266097,196.86445108695628,97.28607031249997,runtime_ham6,10.456,runtime_ham2,35.874,runtime_ham9,50.972
365,56.107,104.132,199.99400000000003,199.99,56.681999999999995,199.995,97.29642857142862,92.05605555555552,199.88236363636358,91.99770386266097,196.86445108695628,97.28607031249997,runtime_ham6,199.99,runtime_ham2,104.132,runtime_ham9,199.995
366,61.13,41.845,199.995,18.159000000000002,199.99,1.6840000000000002,97.29642857142862,92.05605555555552,199.88236363636358,91.99770386266097,196.86445108695628,9.290333333333333,runtime_ham9,1.6840000000000002,runtime_ham6,18.159000000000002,runtime_ham2,41.845
367,40.518,54.47,199.99400000000003,4.43,199.99200000000002,33.181999999999995,97.29642857142862,92.05605555555552,199.88236363636358,54.93195652173913,196.86445108695628,97.28607031249997,runtime_ham6,4.43,runtime_ham2,54.47,runtime_ham9,33.181999999999995
368,44.365,28.154,199.995,34.982,199.993,26.320999999999998,97.29642857142862,92.05605555555552,199.88236363636358,91.99770386266097,196.86445108695628,97.28607031249997,runtime_ham6,34.982,runtime_ham2,28.154,runtime_ham9,26.320999999999998
369,148.764,45.882,199.995,199.99,199.993,199.99400000000003,97.29642857142862,92.05605555555552,199.88236363636358,91.99770386266097,196.86445108695628,97.28607031249997,runtime_ham6,199.99,runtime_ham2,45.882,runtime_ham9,199.99400000000003
370,115.537,7.263999999999999,199.99400000000003,6.5889999999999995,199.993,12.317,97.29642857142862,92.05605555555552,199.88236363636358,91.99770386266097,196.86445108695628,97.28607031249997,runtime_ham6,6.5889999999999995,runtime_ham2,7.263999999999999,runtime_ham9,12.317
371,105.867,42.441,199.99400000000003,8.963,199.99200000000002,15.138,97.29642857142862,30.860578947368417,199.88236363636358,91.99770386266097,196.86445108695628,31.526579545454545,runtime_ham2,42.441,runtime_ham9,15.138,runtime_ham6,8.963
372,128.656,14.092,199.995,199.988,199.99099999999999,23.660999999999998,97.29642857142862,92.05605555555552,199.88236363636358,91.99770386266097,196.86445108695628,9.290333333333333,runtime_ham9,23.660999999999998,runtime_ham6,199.988,runtime_ham2,14.092
373,118.12100000000001,2.117,199.99400000000003,2.509,199.99200000000002,14.849,97.29642857142862,92.05605555555552,199.88236363636358,91.99770386266097,196.86445108695628,97.28607031249997,runtime_ham6,2.509,runtime_ham2,2.117,runtime_ham9,14.849
374,57.26,125.345,199.99400000000003,18.901,199.993,4.178999999999999,97.29642857142862,92.05605555555552,199.88236363636358,91.99770386266097,196.86445108695628,97.28607031249997,runtime_ham6,18.901,runtime_ham2,125.345,runtime_ham9,4.178999999999999
375,58.638999999999996,199.99400000000003,199.99400000000003,58.946999999999996,199.993,111.738,97.29642857142862,92.05605555555552,199.88236363636358,91.99770386266097,196.86445108695628,97.28607031249997,runtime_ham6,58.946999999999996,runtime_ham2,199.99400000000003,runtime_ham9,111.738
376,91.161,86.038,199.99400000000003,167.665,199.99200000000002,199.995,97.29642857142862,92.05605555555552,199.88236363636358,91.99770386266097,196.86445108695628,199.99418750000004,runtime_ham6,167.665,runtime_ham2,86.038,runtime_ham10,91.161
377,111.09299999999999,102.338,199.99400000000003,199.99,199.993,59.098,97.29642857142862,92.05605555555552,199.88236363636358,91.99770386266097,196.86445108695628,97.28607031249997,runtime_ham6,199.99,runtime_ham2,102.338,runtime_ham9,59.098
378,170.924,18.549,199.99400000000003,199.99,199.993,8.759,97.29642857142862,92.05605555555552,199.88236363636358,91.99770386266097,196.86445108695628,97.28607031249997,runtime_ham6,199.99,runtime_ham2,18.549,runtime_ham9,8.759
379,137.601,58.09,199.99400000000003,136.17,199.99200000000002,102.301,97.29642857142862,92.05605555555552,199.88236363636358,91.99770386266097,196.86445108695628,97.28607031249997,runtime_ham6,136.17,runtime_ham2,58.09,runtime_ham9,102.301
380,78.69,137.558,199.99400000000003,199.99,199.99200000000002,51.652,97.29642857142862,92.05605555555552,199.88236363636358,91.99770386266097,196.86445108695628,97.28607031249997,runtime_ham6,199.99,runtime_ham2,137.558,runtime_ham9,51.652
