num_of_nodes,num_of_edges,ratio_node_edge,bi_edge,ratio_bi_edge,min_out_degree,max_out_degree,avg_out_degree,min_in_degree,max_in_degree,avg_in_degree,num_of_odd_out_degree,ratio_of_odd_out_degree,num_of_even_out_degree,ratio_of_even_out_degree,num_of_odd_in_degree,ratio_of_odd_in_degree,num_of_even_in_degree,ratio_of_even_in_degree,num_of_odd_degree,ratio_of_odd_degree,num_of_even_degree,ratio_of_even_degree,out_degree_less_than_3,ratio_out_degree_less_than_3,in_degree_less_than_3,ratio_in_degree_less_than_3,degree_less_than_3,ratio_degree_less_than_3,dfs_1st_back_depth,sum_of_choices_along_path,depth_avg_DFS_backjump,depth_back_to_root,depth_back_to_any,depth_one_path,min_depth_bfs,max_depth_bfs,avg_depth_bfs,min_depth_beam,max_depth_beam,avg_depth_beam,runtime_ham10,runtime_ham2,runtime_ham4,runtime_ham6,runtime_ham8,runtime_ham9,Oracle
3996.0,13273.0,0.3011,13232.0,0.9969,2.0,4.0,3.3216,2.0,4.0,3.3216,2659.0,0.6654,1337.0,0.3346,2657.0,0.6649,1339.0,0.3351,80.0,0.02,3916.0,0.98,26.0,0.0065,27.0,0.0068,0.0,0.0,1.0,5.0,842.2222,2.0,2.0,17.0,2.0,1337.0,811.4568,2.0,1337.0,770.2383,38.5,34.783,61.901,16.893,32.844,10.094,10.094
4530.0,15029.0,0.3014,14964.0,0.9957,2.0,4.0,3.3177,2.0,4.0,3.3177,3011.0,0.6647,1519.0,0.3353,3013.0,0.6651,1517.0,0.3349,128.0,0.0283,4402.0,0.9717,40.0,0.0088,39.0,0.0086,0.0,0.0,2.0,7.0,879.48,2.0,2.0,11.0,2.0,1516.0,700.8669,2.0,1521.0,638.8083,199.89,199.952,62.617,67.625,72.054,87.41,62.617
4704.0,15635.0,0.3009,15596.0,0.9975,2.0,4.0,3.3238,2.0,4.0,3.3238,3121.0,0.6635,1583.0,0.3365,3127.0,0.6648,1577.0,0.3352,74.0,0.0157,4630.0,0.9843,30.0,0.0064,27.0,0.0057,0.0,0.0,2.0,7.0,1047.8571,2.0,2.0,21.0,2.0,1571.0,991.1489,2.0,1739.0,883.1044,121.01899999999999,122.516,69.984,27.857,40.924,46.658,27.857
4776.0,15846.0,0.3014,15778.0,0.9957,2.0,4.0,3.3178,2.0,4.0,3.3178,3172.0,0.6642,1604.0,0.3358,3166.0,0.6629,1610.0,0.3371,132.0,0.0276,4644.0,0.9724,43.0,0.009000000000000001,46.0,0.0096,0.0,0.0,4.0,15.0,999.5909,2.0,2.0,23.0,2.0,1595.0,809.9672,2.0,1608.0,535.1716,175.8,170.31799999999998,39.582,48.067,58.981,105.544,39.582
4890.0,16248.0,0.301,16202.0,0.9972,1.0,4.0,3.3227,2.0,4.0,3.3227,3246.0,0.6638,1644.0,0.3362,3258.0,0.6663,1632.0,0.3337,88.0,0.018000000000000002,4802.0,0.982,33.0,0.0067,27.0,0.0055,0.0,0.0,1.0,5.0,982.7647,2.0,2.0,23.0,2.0,1635.0,721.3895,2.0,1635.0,674.7719,199.80200000000002,199.922,85.876,46.071000000000005,59.113,51.3,46.071000000000005
168.0,610.0,0.2754,600.0,0.9836,2.0,4.0,3.6310000000000002,2.0,4.0,3.6310000000000002,46.0,0.2738,122.0,0.7262,42.0,0.25,126.0,0.75,20.0,0.11900000000000001,148.0,0.8809999999999999,8.0,0.0476,10.0,0.0595,0.0,0.0,1.0,5.0,94.0,2.0,2.0,13.0,11.0,24.0,17.7857,11.0,24.0,17.7857,199.99099999999999,13.045,5.902,4.14,12.671,10.59,4.14
168.0,610.0,0.2754,600.0,0.9836,2.0,4.0,3.6310000000000002,1.0,4.0,3.6310000000000002,44.0,0.2619,124.0,0.7381,48.0,0.2857,120.0,0.7143,20.0,0.11900000000000001,148.0,0.8809999999999999,9.0,0.0536,7.0,0.0417,0.0,0.0,2.0,8.0,67.8571,2.0,2.0,13.0,11.0,24.0,17.6429,11.0,24.0,17.6429,199.953,199.993,5.7589999999999995,138.026,11.571,21.075,5.7589999999999995
168.0,608.0,0.2763,596.0,0.9803,1.0,4.0,3.6189999999999998,2.0,4.0,3.6189999999999998,54.0,0.3214,114.0,0.6786,52.0,0.3095,116.0,0.6905,22.0,0.131,146.0,0.8690000000000001,5.0,0.0298,6.0,0.0357,0.0,0.0,2.0,8.0,82.5,2.0,2.0,3.0,5.0,24.0,16.875,5.0,24.0,16.875,199.993,13.359000000000002,2.254,6.612,28.829,76.689,2.254
168.0,608.0,0.2763,596.0,0.9803,1.0,4.0,3.6189999999999998,2.0,4.0,3.6189999999999998,52.0,0.3095,116.0,0.6905,48.0,0.2857,120.0,0.7143,20.0,0.11900000000000001,148.0,0.8809999999999999,6.0,0.0357,8.0,0.0476,0.0,0.0,3.0,11.0,79.0,2.0,2.0,13.0,10.0,24.0,17.1176,10.0,24.0,17.1176,199.99,72.279,3.0989999999999998,166.668,3.2960000000000003,125.325,3.0989999999999998
168.0,608.0,0.2763,596.0,0.9803,2.0,4.0,3.6189999999999998,1.0,4.0,3.6189999999999998,48.0,0.2857,120.0,0.7143,52.0,0.3095,116.0,0.6905,16.0,0.0952,152.0,0.9048,8.0,0.0476,6.0,0.0357,0.0,0.0,3.0,12.0,91.875,2.0,2.0,13.0,6.0,24.0,15.1429,6.0,24.0,15.6,157.98,199.99400000000003,14.769,199.99,32.509,161.394,14.769
168.0,606.0,0.2772,592.0,0.9769,2.0,4.0,3.6071,1.0,4.0,3.6071,50.0,0.2976,118.0,0.7024,52.0,0.3095,116.0,0.6905,22.0,0.131,146.0,0.8690000000000001,8.0,0.0476,7.0,0.0417,0.0,0.0,1.0,5.0,91.875,2.0,2.0,13.0,5.0,24.0,16.5625,5.0,24.0,16.5625,199.99099999999999,199.99400000000003,21.241,178.05599999999998,51.153,199.995,21.241
168.0,606.0,0.2772,592.0,0.9769,1.0,4.0,3.6071,2.0,4.0,3.6071,50.0,0.2976,118.0,0.7024,46.0,0.2738,122.0,0.7262,28.0,0.1667,140.0,0.8333,8.0,0.0476,10.0,0.0595,0.0,0.0,2.0,7.0,78.1,2.0,2.0,3.0,9.0,24.0,16.875,9.0,24.0,17.375,195.373,127.446,1.051,3.667,56.696000000000005,114.689,1.051
168.0,606.0,0.2772,592.0,0.9769,1.0,4.0,3.6071,2.0,4.0,3.6071,54.0,0.3214,114.0,0.6786,52.0,0.3095,116.0,0.6905,24.0,0.1429,144.0,0.8571,6.0,0.0357,7.0,0.0417,0.0,0.0,2.0,9.0,81.1667,2.0,2.0,13.0,5.0,24.0,14.8636,5.0,24.0,15.7,162.496,199.993,52.06399999999999,156.184,2.9210000000000003,199.995,2.9210000000000003
168.0,606.0,0.2772,592.0,0.9769,2.0,4.0,3.6071,2.0,4.0,3.6071,54.0,0.3214,114.0,0.6786,52.0,0.3095,116.0,0.6905,20.0,0.11900000000000001,148.0,0.8809999999999999,6.0,0.0357,7.0,0.0417,0.0,0.0,1.0,5.0,94.6667,2.0,2.0,13.0,6.0,24.0,16.5,6.0,24.0,16.5,199.942,41.06,51.473,18.727999999999998,4.868,4.39,4.39
168.0,606.0,0.2772,592.0,0.9769,2.0,4.0,3.6071,1.0,4.0,3.6071,50.0,0.2976,118.0,0.7024,52.0,0.3095,116.0,0.6905,26.0,0.1548,142.0,0.8452,8.0,0.0476,7.0,0.0417,0.0,0.0,7.0,23.0,92.5,2.0,2.0,13.0,6.0,24.0,16.4118,6.0,24.0,16.5294,167.092,52.878,6.234,75.472,7.417000000000001,1.771,1.771
168.0,606.0,0.2772,592.0,0.9769,1.0,4.0,3.6071,2.0,4.0,3.6071,54.0,0.3214,114.0,0.6786,50.0,0.2976,118.0,0.7024,24.0,0.1429,144.0,0.8571,6.0,0.0357,8.0,0.0476,0.0,0.0,5.0,20.0,84.0,2.0,2.0,14.0,4.0,24.0,14.6522,4.0,24.0,15.9,165.22099999999998,74.85,0.868,199.995,3.485,199.99599999999998,0.868
168.0,606.0,0.2772,594.0,0.9802,2.0,4.0,3.6071,2.0,4.0,3.6071,52.0,0.3095,116.0,0.6905,52.0,0.3095,116.0,0.6905,20.0,0.11900000000000001,148.0,0.8809999999999999,7.0,0.0417,7.0,0.0417,0.0,0.0,6.0,20.0,73.2,2.0,2.0,13.0,11.0,24.0,17.5714,11.0,24.0,17.5714,183.71900000000002,7.545,5.742000000000001,49.328,6.792000000000001,47.352,5.742000000000001
168.0,604.0,0.2781,588.0,0.9735,2.0,4.0,3.5952,2.0,4.0,3.5952,46.0,0.2738,122.0,0.7262,46.0,0.2738,122.0,0.7262,30.0,0.1786,138.0,0.8214,11.0,0.0655,11.0,0.0655,0.0,0.0,1.0,5.0,81.0,2.0,2.0,13.0,4.0,24.0,14.5417,4.0,24.0,15.7143,174.157,42.18,2.356,19.525,3.341,24.377,2.356
168.0,604.0,0.2781,588.0,0.9735,2.0,4.0,3.5952,2.0,4.0,3.5952,56.0,0.3333,112.0,0.6667,52.0,0.3095,116.0,0.6905,30.0,0.1786,138.0,0.8214,6.0,0.0357,8.0,0.0476,0.0,0.0,3.0,11.0,78.0,2.0,2.0,13.0,5.0,24.0,15.9474,5.0,24.0,15.95,199.99,19.3,6.432,199.99099999999999,5.815,126.929,5.815
168.0,604.0,0.2781,588.0,0.9735,2.0,4.0,3.5952,1.0,4.0,3.5952,58.0,0.3452,110.0,0.6548,58.0,0.3452,110.0,0.6548,30.0,0.1786,138.0,0.8214,5.0,0.0298,5.0,0.0298,0.0,0.0,1.0,5.0,84.6667,20.0,3.0,13.0,9.0,24.0,16.5882,9.0,24.0,16.5882,199.989,88.569,50.379,199.99,79.92,199.99599999999998,50.379
168.0,604.0,0.2781,588.0,0.9735,2.0,4.0,3.5952,1.0,4.0,3.5952,52.0,0.3095,116.0,0.6905,52.0,0.3095,116.0,0.6905,24.0,0.1429,144.0,0.8571,8.0,0.0476,8.0,0.0476,0.0,0.0,3.0,12.0,96.0,2.0,2.0,6.0,8.0,24.0,15.2,8.0,24.0,15.2,199.99200000000002,199.99,23.564,112.555,12.417,177.91400000000002,12.417
168.0,604.0,0.2781,588.0,0.9735,1.0,4.0,3.5952,2.0,4.0,3.5952,56.0,0.3333,112.0,0.6667,52.0,0.3095,116.0,0.6905,32.0,0.1905,136.0,0.8095,6.0,0.0357,8.0,0.0476,0.0,0.0,2.0,7.0,99.8571,2.0,2.0,12.0,3.0,24.0,14.6842,6.0,24.0,16.4444,198.051,55.284,2.3409999999999997,16.395,4.683,199.99599999999998,2.3409999999999997
168.0,604.0,0.2781,588.0,0.9735,1.0,4.0,3.5952,1.0,4.0,3.5952,50.0,0.2976,118.0,0.7024,52.0,0.3095,116.0,0.6905,26.0,0.1548,142.0,0.8452,9.0,0.0536,8.0,0.0476,0.0,0.0,4.0,16.0,79.1111,2.0,2.0,13.0,4.0,24.0,16.6667,4.0,24.0,16.6667,199.989,16.459,16.023,81.24600000000001,2.8789999999999996,11.027000000000001,2.8789999999999996
168.0,600.0,0.28,582.0,0.97,1.0,4.0,3.5714,2.0,4.0,3.5714,52.0,0.3095,116.0,0.6905,56.0,0.3333,112.0,0.6667,32.0,0.1905,136.0,0.8095,10.0,0.0595,8.0,0.0476,0.0,0.0,3.0,11.0,89.5556,2.0,2.0,14.0,7.0,24.0,15.6316,7.0,24.0,15.6316,199.99,199.99400000000003,1.0390000000000001,1.7080000000000002,5.138,18.417,1.0390000000000001
168.0,600.0,0.28,580.0,0.9667,1.0,4.0,3.5714,2.0,4.0,3.5714,52.0,0.3095,116.0,0.6905,52.0,0.3095,116.0,0.6905,34.0,0.2024,134.0,0.7976,10.0,0.0595,10.0,0.0595,0.0,0.0,3.0,12.0,83.8333,2.0,2.0,6.0,6.0,24.0,15.9412,6.0,24.0,15.9412,199.99099999999999,64.01,27.101,199.989,5.256,175.248,5.256
168.0,600.0,0.28,582.0,0.97,2.0,4.0,3.5714,2.0,4.0,3.5714,60.0,0.3571,108.0,0.6429,50.0,0.2976,118.0,0.7024,34.0,0.2024,134.0,0.7976,6.0,0.0357,11.0,0.0655,0.0,0.0,2.0,8.0,89.375,2.0,2.0,13.0,7.0,24.0,15.4211,7.0,24.0,15.5263,163.37,53.06100000000001,42.005,20.55,1.666,73.678,1.666
168.0,600.0,0.28,580.0,0.9667,2.0,4.0,3.5714,2.0,4.0,3.5714,56.0,0.3333,112.0,0.6667,56.0,0.3333,112.0,0.6667,32.0,0.1905,136.0,0.8095,8.0,0.0476,8.0,0.0476,0.0,0.0,2.0,8.0,91.7778,2.0,2.0,3.0,7.0,24.0,16.3529,7.0,24.0,16.3529,160.033,5.182,5.562,6.178,0.2,4.2,0.2
168.0,600.0,0.28,580.0,0.9667,2.0,4.0,3.5714,1.0,4.0,3.5714,56.0,0.3333,112.0,0.6667,58.0,0.3452,110.0,0.6548,34.0,0.2024,134.0,0.7976,8.0,0.0476,7.0,0.0417,0.0,0.0,3.0,12.0,86.0,2.0,2.0,8.0,6.0,24.0,15.4091,6.0,24.0,15.4091,199.99099999999999,29.663,67.376,11.417,2.432,10.427,2.432
168.0,618.0,0.2718,616.0,0.9968,2.0,4.0,3.6786,2.0,4.0,3.6786,44.0,0.2619,124.0,0.7381,46.0,0.2738,122.0,0.7262,4.0,0.0238,164.0,0.9762,5.0,0.0298,4.0,0.0238,0.0,0.0,5.0,21.0,80.4,2.0,2.0,13.0,11.0,24.0,17.4286,11.0,24.0,17.4286,199.99099999999999,199.99400000000003,6.445,79.193,4.916,44.57,4.916
168.0,618.0,0.2718,616.0,0.9968,2.0,4.0,3.6786,2.0,4.0,3.6786,44.0,0.2619,124.0,0.7381,44.0,0.2619,124.0,0.7381,4.0,0.0238,164.0,0.9762,5.0,0.0298,5.0,0.0298,0.0,0.0,1.0,5.0,80.4,2.0,2.0,13.0,11.0,24.0,17.8667,11.0,24.0,17.8667,199.99,101.118,13.286,24.26,2.653,81.009,2.653
168.0,618.0,0.2718,616.0,0.9968,2.0,4.0,3.6786,2.0,4.0,3.6786,46.0,0.2738,122.0,0.7262,44.0,0.2619,124.0,0.7381,4.0,0.0238,164.0,0.9762,4.0,0.0238,5.0,0.0298,0.0,0.0,3.0,11.0,90.5,2.0,2.0,13.0,11.0,24.0,17.9231,11.0,24.0,17.9231,199.99400000000003,188.28799999999998,6.5520000000000005,10.595,12.423,164.498,6.5520000000000005
168.0,598.0,0.2809,576.0,0.9632,2.0,4.0,3.5595,2.0,4.0,3.5595,62.0,0.369,106.0,0.631,56.0,0.3333,112.0,0.6667,30.0,0.1786,138.0,0.8214,6.0,0.0357,9.0,0.0536,0.0,0.0,1.0,5.0,90.4444,2.0,2.0,13.0,5.0,24.0,17.0667,5.0,24.0,17.0667,195.415,99.68,10.258,4.31,19.048,76.105,4.31
168.0,598.0,0.2809,576.0,0.9632,2.0,4.0,3.5595,1.0,4.0,3.5595,62.0,0.369,106.0,0.631,60.0,0.3571,108.0,0.6429,42.0,0.25,126.0,0.75,6.0,0.0357,7.0,0.0417,0.0,0.0,4.0,16.0,91.0,2.0,2.0,13.0,8.0,24.0,17.2667,8.0,24.0,17.2667,199.987,2.008,28.73,0.945,37.788000000000004,9.173,0.945
168.0,598.0,0.2809,576.0,0.9632,2.0,4.0,3.5595,1.0,4.0,3.5595,52.0,0.3095,116.0,0.6905,58.0,0.3452,110.0,0.6548,36.0,0.2143,132.0,0.7857,11.0,0.0655,8.0,0.0476,0.0,0.0,6.0,19.0,78.9091,2.0,2.0,13.0,6.0,24.0,16.8824,6.0,24.0,16.625,162.77100000000002,178.387,8.357999999999999,66.896,13.378,7.5360000000000005,7.5360000000000005
168.0,618.0,0.2718,616.0,0.9968,2.0,4.0,3.6786,2.0,4.0,3.6786,46.0,0.2738,122.0,0.7262,46.0,0.2738,122.0,0.7262,4.0,0.0238,164.0,0.9762,4.0,0.0238,4.0,0.0238,0.0,0.0,1.0,5.0,80.4,2.0,2.0,13.0,11.0,24.0,17.9231,11.0,24.0,17.9231,199.98,67.07600000000001,4.178999999999999,194.71900000000002,2.194,2.2359999999999998,2.194
168.0,598.0,0.2809,580.0,0.9699,2.0,4.0,3.5595,2.0,4.0,3.5595,62.0,0.369,106.0,0.631,60.0,0.3571,108.0,0.6429,28.0,0.1667,140.0,0.8333,6.0,0.0357,7.0,0.0417,0.0,0.0,2.0,8.0,93.3333,2.0,2.0,13.0,8.0,24.0,16.1579,8.0,24.0,16.15,195.255,17.813,71.913,3.455,45.478,199.995,3.455
168.0,618.0,0.2718,616.0,0.9968,2.0,4.0,3.6786,2.0,4.0,3.6786,46.0,0.2738,122.0,0.7262,46.0,0.2738,122.0,0.7262,4.0,0.0238,164.0,0.9762,4.0,0.0238,4.0,0.0238,0.0,0.0,4.0,14.0,89.5,2.0,2.0,13.0,11.0,24.0,17.9231,11.0,24.0,17.9231,199.99099999999999,26.358,21.493000000000002,46.916000000000004,2.946,52.576,2.946
168.0,596.0,0.2819,572.0,0.9597,1.0,4.0,3.5476,1.0,4.0,3.5476,52.0,0.3095,116.0,0.6905,54.0,0.3214,114.0,0.6786,38.0,0.2262,130.0,0.7738,12.0,0.0714,11.0,0.0655,0.0,0.0,5.0,17.0,92.5,2.0,2.0,3.0,7.0,24.0,15.6087,8.0,24.0,15.9565,173.813,50.558,8.707,25.658,16.784000000000002,1.181,1.181
168.0,596.0,0.2819,572.0,0.9597,2.0,4.0,3.5476,2.0,4.0,3.5476,52.0,0.3095,116.0,0.6905,50.0,0.2976,118.0,0.7024,38.0,0.2262,130.0,0.7738,12.0,0.0714,13.0,0.0774,0.0,0.0,1.0,5.0,81.3846,2.0,2.0,11.0,2.0,24.0,15.7059,2.0,24.0,15.7059,199.99099999999999,12.76,7.745,1.903,1.5719999999999998,0.188,0.188
168.0,594.0,0.2828,568.0,0.9562,2.0,4.0,3.5357,1.0,4.0,3.5357,56.0,0.3333,112.0,0.6667,54.0,0.3214,114.0,0.6786,40.0,0.2381,128.0,0.7619,11.0,0.0655,12.0,0.0714,0.0,0.0,2.0,9.0,103.7778,2.0,2.0,11.0,7.0,24.0,16.2353,7.0,24.0,16.1111,185.85,6.763999999999999,3.034,28.445999999999998,5.57,71.468,3.034
168.0,592.0,0.2838,564.0,0.9527,1.0,4.0,3.5238,1.0,4.0,3.5238,56.0,0.3333,112.0,0.6667,56.0,0.3333,112.0,0.6667,42.0,0.25,126.0,0.75,12.0,0.0714,12.0,0.0714,0.0,0.0,2.0,8.0,85.3333,2.0,2.0,3.0,4.0,24.0,15.4762,8.0,24.0,16.75,199.99,26.145,94.74700000000001,5.983,16.647000000000002,199.99599999999998,5.983
168.0,592.0,0.2838,564.0,0.9527,2.0,4.0,3.5238,1.0,4.0,3.5238,58.0,0.3452,110.0,0.6548,56.0,0.3333,112.0,0.6667,50.0,0.2976,118.0,0.7024,11.0,0.0655,12.0,0.0714,0.0,0.0,6.0,22.0,90.7273,2.0,2.0,13.0,6.0,24.0,16.1364,6.0,24.0,15.9048,199.988,71.433,9.315,2.572,2.557,12.856,2.557
168.0,592.0,0.2838,564.0,0.9527,1.0,4.0,3.5238,1.0,4.0,3.5238,56.0,0.3333,112.0,0.6667,60.0,0.3571,108.0,0.6429,46.0,0.2738,122.0,0.7262,12.0,0.0714,10.0,0.0595,0.0,0.0,1.0,4.0,81.5455,2.0,2.0,13.0,2.0,24.0,13.069,5.0,24.0,15.9524,199.99099999999999,94.59200000000001,9.927999999999999,18.993,17.506,28.691,9.927999999999999
168.0,592.0,0.2838,566.0,0.9561,1.0,4.0,3.5238,1.0,4.0,3.5238,66.0,0.3929,102.0,0.6071,60.0,0.3571,108.0,0.6429,40.0,0.2381,128.0,0.7619,7.0,0.0417,10.0,0.0595,0.0,0.0,7.0,25.0,74.0,2.0,2.0,12.0,10.0,24.0,16.3333,10.0,24.0,16.3333,199.99400000000003,35.568000000000005,5.2139999999999995,10.735999999999999,3.1319999999999997,75.691,3.1319999999999997
168.0,592.0,0.2838,568.0,0.9595,2.0,4.0,3.5238,1.0,4.0,3.5238,56.0,0.3333,112.0,0.6667,64.0,0.381,104.0,0.619,40.0,0.2381,128.0,0.7619,12.0,0.0714,8.0,0.0476,0.0,0.0,5.0,19.0,108.1111,2.0,2.0,13.0,6.0,24.0,15.5,6.0,24.0,16.1176,192.623,117.573,0.42200000000000004,176.743,7.415,19.053,0.42200000000000004
168.0,590.0,0.2847,564.0,0.9559,1.0,4.0,3.5119,1.0,4.0,3.5119,58.0,0.3452,110.0,0.6548,54.0,0.3214,114.0,0.6786,40.0,0.2381,128.0,0.7619,12.0,0.0714,14.0,0.0833,0.0,0.0,1.0,5.0,70.0,2.0,2.0,13.0,4.0,24.0,15.5789,4.0,24.0,15.5789,199.99,60.137,118.887,102.27,9.002,53.54600000000001,9.002
168.0,590.0,0.2847,566.0,0.9593,1.0,4.0,3.5119,2.0,4.0,3.5119,56.0,0.3333,112.0,0.6667,60.0,0.3571,108.0,0.6429,42.0,0.25,126.0,0.75,13.0,0.0774,11.0,0.0655,0.0,0.0,9.0,34.0,82.7273,2.0,2.0,13.0,9.0,24.0,16.7222,9.0,24.0,16.7222,199.99099999999999,54.48,1.328,194.735,22.526999999999997,39.129,1.328
168.0,590.0,0.2847,560.0,0.9492,2.0,4.0,3.5119,1.0,4.0,3.5119,56.0,0.3333,112.0,0.6667,58.0,0.3452,110.0,0.6548,46.0,0.2738,122.0,0.7262,13.0,0.0774,12.0,0.0714,0.0,0.0,3.0,11.0,79.7273,2.0,2.0,13.0,1.0,24.0,13.2059,1.0,24.0,14.6667,179.613,61.707,4.177,19.051,0.804,0.977,0.804
168.0,590.0,0.2847,560.0,0.9492,1.0,4.0,3.5119,2.0,4.0,3.5119,62.0,0.369,106.0,0.631,58.0,0.3452,110.0,0.6548,44.0,0.2619,124.0,0.7381,10.0,0.0595,12.0,0.0714,0.0,0.0,9.0,30.0,82.9091,2.0,2.0,13.0,2.0,24.0,13.9583,2.0,24.0,16.0,155.65,12.96,2.908,47.717,2.549,22.723000000000003,2.549
168.0,588.0,0.2857,558.0,0.9490000000000001,1.0,4.0,3.5,1.0,4.0,3.5,58.0,0.3452,110.0,0.6548,70.0,0.4167,98.0,0.5833,44.0,0.2619,124.0,0.7381,13.0,0.0774,7.0,0.0417,0.0,0.0,3.0,11.0,79.7273,2.0,2.0,3.0,10.0,24.0,15.6667,10.0,24.0,15.6667,199.99099999999999,193.33599999999998,7.1770000000000005,58.125,3.6319999999999997,18.65,3.6319999999999997
168.0,588.0,0.2857,558.0,0.9490000000000001,2.0,4.0,3.5,2.0,4.0,3.5,62.0,0.369,106.0,0.631,60.0,0.3571,108.0,0.6429,50.0,0.2976,118.0,0.7024,11.0,0.0655,12.0,0.0714,0.0,0.0,2.0,9.0,100.7273,2.0,2.0,8.0,6.0,24.0,16.9444,6.0,24.0,16.7059,199.99099999999999,34.722,41.70399999999999,125.822,84.20700000000001,118.973,34.722
168.0,588.0,0.2857,556.0,0.9456,1.0,4.0,3.5,2.0,4.0,3.5,58.0,0.3452,110.0,0.6548,52.0,0.3095,116.0,0.6905,48.0,0.2857,120.0,0.7143,13.0,0.0774,16.0,0.0952,0.0,0.0,2.0,8.0,74.7,2.0,2.0,13.0,1.0,24.0,13.4444,1.0,24.0,15.619000000000002,199.99,16.97,1.811,1.9580000000000002,9.582,3.37,1.811
168.0,588.0,0.2857,558.0,0.9490000000000001,2.0,4.0,3.5,2.0,4.0,3.5,66.0,0.3929,102.0,0.6071,68.0,0.4048,100.0,0.5952,46.0,0.2738,122.0,0.7262,9.0,0.0536,8.0,0.0476,0.0,0.0,7.0,27.0,102.4,2.0,2.0,3.0,7.0,24.0,15.7727,7.0,24.0,15.8636,199.99200000000002,106.68700000000001,5.36,32.387,41.481,115.22399999999999,5.36
168.0,584.0,0.2877,550.0,0.9418,1.0,4.0,3.4762,2.0,4.0,3.4762,54.0,0.3214,114.0,0.6786,62.0,0.369,106.0,0.631,50.0,0.2976,118.0,0.7024,17.0,0.1012,13.0,0.0774,0.0,0.0,1.0,5.0,70.625,2.0,2.0,13.0,1.0,24.0,13.6207,1.0,24.0,15.9091,188.90400000000002,199.995,3.884,10.864,6.34,10.545,3.884
168.0,582.0,0.2887,544.0,0.9347,1.0,4.0,3.4643,2.0,4.0,3.4643,62.0,0.369,106.0,0.631,58.0,0.3452,110.0,0.6548,48.0,0.2857,120.0,0.7143,14.0,0.0833,16.0,0.0952,0.0,0.0,1.0,5.0,79.9167,2.0,2.0,13.0,5.0,24.0,15.6471,5.0,24.0,15.6471,186.27,1.053,17.598,16.155,3.4930000000000003,1.757,1.053
168.0,582.0,0.2887,546.0,0.9381,1.0,4.0,3.4643,1.0,4.0,3.4643,56.0,0.3333,112.0,0.6667,60.0,0.3571,108.0,0.6429,46.0,0.2738,122.0,0.7262,17.0,0.1012,15.0,0.0893,0.0,0.0,1.0,4.0,84.0,2.0,2.0,1.0,4.0,24.0,16.2105,5.0,24.0,14.7727,199.99099999999999,28.618000000000002,14.052999999999999,199.995,3.2060000000000004,2.1,2.1
168.0,616.0,0.2727,612.0,0.9935,2.0,4.0,3.6667,2.0,4.0,3.6667,48.0,0.2857,120.0,0.7143,48.0,0.2857,120.0,0.7143,8.0,0.0476,160.0,0.9524,4.0,0.0238,4.0,0.0238,0.0,0.0,5.0,21.0,95.2857,2.0,2.0,13.0,10.0,24.0,17.3571,10.0,24.0,17.3571,194.607,199.993,22.44,22.355,1.9080000000000001,20.504,1.9080000000000001
168.0,616.0,0.2727,612.0,0.9935,2.0,4.0,3.6667,2.0,4.0,3.6667,48.0,0.2857,120.0,0.7143,48.0,0.2857,120.0,0.7143,8.0,0.0476,160.0,0.9524,4.0,0.0238,4.0,0.0238,0.0,0.0,1.0,5.0,81.6,2.0,2.0,13.0,11.0,24.0,17.5,11.0,24.0,17.5,162.253,32.284,8.731,44.605,1.181,93.64299999999999,1.181
168.0,578.0,0.2907,536.0,0.9273,1.0,4.0,3.4405,2.0,4.0,3.4405,56.0,0.3333,112.0,0.6667,54.0,0.3214,114.0,0.6786,62.0,0.369,106.0,0.631,19.0,0.1131,20.0,0.11900000000000001,0.0,0.0,1.0,4.0,84.5455,2.0,2.0,1.0,6.0,24.0,14.2857,4.0,24.0,12.7059,199.99200000000002,98.036,3.094,6.824,9.304,50.833,3.094
168.0,572.0,0.2937,530.0,0.9266,1.0,4.0,3.4048,1.0,4.0,3.4048,62.0,0.369,106.0,0.631,60.0,0.3571,108.0,0.6429,50.0,0.2976,118.0,0.7024,19.0,0.1131,20.0,0.11900000000000001,0.0,0.0,4.0,13.0,66.7692,2.0,2.0,1.0,5.0,24.0,14.5909,5.0,24.0,14.7826,199.99200000000002,199.993,199.993,179.785,199.995,170.99099999999999,170.99099999999999
168.0,616.0,0.2727,612.0,0.9935,2.0,4.0,3.6667,2.0,4.0,3.6667,48.0,0.2857,120.0,0.7143,48.0,0.2857,120.0,0.7143,8.0,0.0476,160.0,0.9524,4.0,0.0238,4.0,0.0238,0.0,0.0,6.0,22.0,78.0,2.0,2.0,13.0,11.0,24.0,17.9231,11.0,24.0,17.9231,199.97,116.648,1.9280000000000002,73.87100000000001,6.029,199.995,1.9280000000000002
168.0,568.0,0.2958,518.0,0.912,1.0,4.0,3.3810000000000002,1.0,4.0,3.3810000000000002,70.0,0.4167,98.0,0.5833,68.0,0.4048,100.0,0.5952,54.0,0.3214,114.0,0.6786,17.0,0.1012,18.0,0.1071,0.0,0.0,4.0,17.0,94.5,2.0,2.0,12.0,8.0,25.0,16.32,8.0,25.0,16.125,199.99200000000002,199.993,199.993,199.986,199.995,199.995,199.986
168.0,562.0,0.2989,504.0,0.8968,1.0,4.0,3.3452,1.0,4.0,3.3452,68.0,0.4048,100.0,0.5952,60.0,0.3571,108.0,0.6429,74.0,0.4405,94.0,0.5595,21.0,0.125,25.0,0.1488,0.0,0.0,7.0,23.0,83.2308,2.0,2.0,17.0,3.0,24.0,14.5455,8.0,24.0,15.8276,199.99099999999999,199.993,199.99599999999998,199.995,199.995,189.00799999999998,189.00799999999998
168.0,562.0,0.2989,508.0,0.9039,1.0,4.0,3.3452,1.0,4.0,3.3452,76.0,0.4524,92.0,0.5476,74.0,0.4405,94.0,0.5595,72.0,0.4286,96.0,0.5714,17.0,0.1012,18.0,0.1071,0.0,0.0,8.0,27.0,86.6923,2.0,2.0,7.0,5.0,24.0,14.7576,5.0,24.0,14.6471,199.99400000000003,199.99599999999998,199.995,136.30700000000002,199.995,187.93099999999998,136.30700000000002
168.0,562.0,0.2989,508.0,0.9039,1.0,4.0,3.3452,1.0,4.0,3.3452,62.0,0.369,106.0,0.631,64.0,0.381,104.0,0.619,62.0,0.369,106.0,0.631,24.0,0.1429,23.0,0.1369,0.0,0.0,8.0,28.0,73.5,2.0,2.0,13.0,2.0,24.0,14.0,2.0,24.0,15.0345,199.99,199.99400000000003,199.995,144.486,199.995,135.665,135.665
168.0,614.0,0.2736,608.0,0.9902,2.0,4.0,3.6548,2.0,4.0,3.6548,48.0,0.2857,120.0,0.7143,48.0,0.2857,120.0,0.7143,12.0,0.0714,156.0,0.9286,5.0,0.0298,5.0,0.0298,0.0,0.0,8.0,29.0,82.5,2.0,2.0,13.0,11.0,24.0,17.9286,11.0,24.0,17.9286,199.99,120.177,3.237,199.99400000000003,11.544,29.68,3.237
168.0,614.0,0.2736,608.0,0.9902,2.0,4.0,3.6548,2.0,4.0,3.6548,44.0,0.2619,124.0,0.7381,46.0,0.2738,122.0,0.7262,12.0,0.0714,156.0,0.9286,7.0,0.0417,6.0,0.0357,0.0,0.0,2.0,8.0,80.4,2.0,2.0,13.0,10.0,24.0,17.5,10.0,24.0,17.5,148.482,5.624,10.837,113.33200000000001,5.662999999999999,144.924,5.624
168.0,614.0,0.2736,608.0,0.9902,2.0,4.0,3.6548,2.0,4.0,3.6548,46.0,0.2738,122.0,0.7262,42.0,0.25,126.0,0.75,12.0,0.0714,156.0,0.9286,6.0,0.0357,8.0,0.0476,0.0,0.0,1.0,5.0,94.4286,2.0,2.0,13.0,11.0,24.0,17.9231,11.0,24.0,17.9231,170.622,91.07799999999999,17.707,23.833000000000002,7.654,199.99400000000003,7.654
168.0,614.0,0.2736,608.0,0.9902,2.0,4.0,3.6548,2.0,4.0,3.6548,48.0,0.2857,120.0,0.7143,50.0,0.2976,118.0,0.7024,10.0,0.0595,158.0,0.9405,5.0,0.0298,4.0,0.0238,0.0,0.0,1.0,5.0,89.8571,2.0,2.0,13.0,9.0,24.0,16.9333,9.0,24.0,16.9333,199.993,199.99599999999998,2.472,199.99,3.486,11.812999999999999,2.472
168.0,558.0,0.3011,504.0,0.9032,1.0,4.0,3.3214,1.0,4.0,3.3214,66.0,0.3929,102.0,0.6071,68.0,0.4048,100.0,0.5952,60.0,0.3571,108.0,0.6429,24.0,0.1429,23.0,0.1369,0.0,0.0,3.0,13.0,80.8667,2.0,2.0,1.0,7.0,24.0,16.125,7.0,24.0,15.913,199.99400000000003,122.695,199.995,106.256,199.995,70.90100000000001,70.90100000000001
168.0,614.0,0.2736,608.0,0.9902,2.0,4.0,3.6548,2.0,4.0,3.6548,48.0,0.2857,120.0,0.7143,48.0,0.2857,120.0,0.7143,12.0,0.0714,156.0,0.9286,5.0,0.0298,5.0,0.0298,0.0,0.0,4.0,16.0,80.4,2.0,2.0,13.0,11.0,24.0,17.6429,11.0,24.0,17.6429,199.97400000000002,0.851,7.604,27.932,6.005,199.981,0.851
168.0,614.0,0.2736,608.0,0.9902,2.0,4.0,3.6548,2.0,4.0,3.6548,50.0,0.2976,118.0,0.7024,50.0,0.2976,118.0,0.7024,12.0,0.0714,156.0,0.9286,4.0,0.0238,4.0,0.0238,0.0,0.0,6.0,25.0,83.2,2.0,2.0,13.0,11.0,24.0,17.5,11.0,24.0,17.5,152.486,18.424,5.773,6.827999999999999,2.917,7.7589999999999995,2.917
168.0,614.0,0.2736,610.0,0.9935,2.0,4.0,3.6548,2.0,4.0,3.6548,48.0,0.2857,120.0,0.7143,46.0,0.2738,122.0,0.7262,8.0,0.0476,160.0,0.9524,5.0,0.0298,6.0,0.0357,0.0,0.0,3.0,13.0,87.0,2.0,2.0,13.0,11.0,24.0,17.9231,11.0,24.0,17.9231,198.984,32.172,13.542,0.6659999999999999,19.66,174.85,0.6659999999999999
168.0,614.0,0.2736,608.0,0.9902,2.0,4.0,3.6548,2.0,4.0,3.6548,50.0,0.2976,118.0,0.7024,50.0,0.2976,118.0,0.7024,12.0,0.0714,156.0,0.9286,4.0,0.0238,4.0,0.0238,0.0,0.0,4.0,15.0,78.0,2.0,2.0,13.0,9.0,24.0,17.2857,9.0,24.0,17.2857,199.993,77.569,7.831,9.835,3.435,11.59,3.435
168.0,556.0,0.3022,498.0,0.8957,1.0,4.0,3.3095,1.0,4.0,3.3095,62.0,0.369,106.0,0.631,78.0,0.4643,90.0,0.5357,72.0,0.4286,96.0,0.5714,27.0,0.1607,19.0,0.1131,0.0,0.0,1.0,4.0,89.0,2.0,2.0,1.0,3.0,24.0,14.3824,5.0,24.0,15.0625,166.899,96.375,199.995,191.077,79.572,145.476,79.572
168.0,614.0,0.2736,608.0,0.9902,2.0,4.0,3.6548,2.0,4.0,3.6548,46.0,0.2738,122.0,0.7262,48.0,0.2857,120.0,0.7143,12.0,0.0714,156.0,0.9286,6.0,0.0357,5.0,0.0298,0.0,0.0,4.0,14.0,84.5,2.0,2.0,13.0,11.0,24.0,17.9231,11.0,24.0,17.9231,199.99400000000003,122.306,12.772,9.531,1.6130000000000002,14.498,1.6130000000000002
168.0,554.0,0.3032,496.0,0.8953,1.0,4.0,3.2976,1.0,4.0,3.2976,74.0,0.4405,94.0,0.5595,64.0,0.381,104.0,0.619,66.0,0.3929,102.0,0.6071,22.0,0.131,27.0,0.1607,0.0,0.0,1.0,4.0,67.4444,2.0,2.0,1.0,6.0,24.0,14.8889,4.0,24.0,14.6333,199.99,199.99,175.852,151.885,153.826,125.166,125.166
168.0,554.0,0.3032,494.0,0.8917,1.0,4.0,3.2976,1.0,4.0,3.2976,68.0,0.4048,100.0,0.5952,78.0,0.4643,90.0,0.5357,64.0,0.381,104.0,0.619,25.0,0.1488,20.0,0.11900000000000001,0.0,0.0,1.0,5.0,83.5769,2.0,2.0,14.0,1.0,24.0,13.4167,1.0,24.0,14.4375,199.989,199.99099999999999,199.99599999999998,199.945,199.995,199.989,199.945
168.0,552.0,0.3043,490.0,0.8877,1.0,4.0,3.2857,1.0,4.0,3.2857,76.0,0.4524,92.0,0.5476,74.0,0.4405,94.0,0.5595,64.0,0.381,104.0,0.619,22.0,0.131,23.0,0.1369,0.0,0.0,3.0,9.0,81.4615,34.0,3.0,1.0,4.0,24.0,14.6552,4.0,24.0,15.5926,180.55599999999998,199.993,199.99599999999998,199.99099999999999,172.173,198.56099999999998,172.173
168.0,552.0,0.3043,488.0,0.8841,2.0,4.0,3.2857,1.0,4.0,3.2857,74.0,0.4405,94.0,0.5595,70.0,0.4167,98.0,0.5833,78.0,0.4643,90.0,0.5357,23.0,0.1369,25.0,0.1488,0.0,0.0,3.0,10.0,81.5333,2.0,2.0,3.0,6.0,26.0,15.2667,6.0,26.0,15.3333,199.99099999999999,199.99599999999998,192.916,199.99099999999999,199.995,168.804,168.804
168.0,548.0,0.3066,478.0,0.8723,1.0,4.0,3.2619,1.0,4.0,3.2619,72.0,0.4286,96.0,0.5714,74.0,0.4405,94.0,0.5595,78.0,0.4643,90.0,0.5357,26.0,0.1548,25.0,0.1488,0.0,0.0,1.0,4.0,66.6429,2.0,2.0,12.0,4.0,24.0,14.3929,4.0,24.0,15.6667,199.993,148.833,199.99599999999998,94.215,199.995,86.245,86.245
168.0,612.0,0.2745,604.0,0.9869,2.0,4.0,3.6429,2.0,4.0,3.6429,44.0,0.2619,124.0,0.7381,48.0,0.2857,120.0,0.7143,16.0,0.0952,152.0,0.9048,8.0,0.0476,6.0,0.0357,0.0,0.0,3.0,13.0,73.6667,2.0,2.0,13.0,2.0,24.0,14.1,2.0,24.0,16.9333,180.752,4.61,2.772,66.767,20.480999999999998,15.849,2.772
168.0,612.0,0.2745,604.0,0.9869,2.0,4.0,3.6429,2.0,4.0,3.6429,50.0,0.2976,118.0,0.7024,50.0,0.2976,118.0,0.7024,16.0,0.0952,152.0,0.9048,5.0,0.0298,5.0,0.0298,0.0,0.0,5.0,19.0,80.8571,2.0,2.0,13.0,10.0,24.0,17.25,10.0,24.0,17.375,199.993,199.99200000000002,5.916,28.237,0.904,199.99200000000002,0.904
168.0,612.0,0.2745,604.0,0.9869,2.0,4.0,3.6429,2.0,4.0,3.6429,48.0,0.2857,120.0,0.7143,48.0,0.2857,120.0,0.7143,16.0,0.0952,152.0,0.9048,6.0,0.0357,6.0,0.0357,0.0,0.0,1.0,5.0,80.4,2.0,2.0,13.0,10.0,24.0,17.2,10.0,24.0,17.2,199.99200000000002,6.064,15.716,146.541,9.097999999999999,43.604,6.064
168.0,612.0,0.2745,604.0,0.9869,2.0,4.0,3.6429,1.0,4.0,3.6429,44.0,0.2619,124.0,0.7381,46.0,0.2738,122.0,0.7262,16.0,0.0952,152.0,0.9048,8.0,0.0476,7.0,0.0417,0.0,0.0,1.0,5.0,85.1429,2.0,2.0,12.0,10.0,24.0,17.5,10.0,24.0,17.5,199.99400000000003,199.993,2.9219999999999997,199.99,20.412,126.68,2.9219999999999997
168.0,612.0,0.2745,604.0,0.9869,2.0,4.0,3.6429,2.0,4.0,3.6429,46.0,0.2738,122.0,0.7262,48.0,0.2857,120.0,0.7143,16.0,0.0952,152.0,0.9048,7.0,0.0417,6.0,0.0357,0.0,0.0,11.0,43.0,80.4,2.0,2.0,13.0,4.0,24.0,16.0,4.0,24.0,16.0,199.99,103.92299999999999,5.056,21.355,9.065,50.118,5.056
192.0,712.0,0.2697,712.0,1.0,2.0,4.0,3.7083,2.0,4.0,3.7083,48.0,0.25,144.0,0.75,48.0,0.25,144.0,0.75,0.0,0.0,192.0,1.0,4.0,0.0208,4.0,0.0208,0.0,0.0,6.0,20.0,95.6,2.0,2.0,17.0,11.0,26.0,18.2941,11.0,26.0,18.2941,134.81799999999998,100.794,20.061,2.497,17.453,124.876,2.497
192.0,712.0,0.2697,712.0,1.0,2.0,4.0,3.7083,2.0,4.0,3.7083,48.0,0.25,144.0,0.75,48.0,0.25,144.0,0.75,0.0,0.0,192.0,1.0,4.0,0.0208,4.0,0.0208,0.0,0.0,8.0,33.0,95.6,2.0,2.0,17.0,11.0,26.0,18.2941,11.0,26.0,18.2941,135.19,70.493,20.108,2.509,17.277,126.139,2.509
176.0,647.0,0.272,646.0,0.9985,2.0,4.0,3.6761,2.0,4.0,3.6761,45.0,0.2557,131.0,0.7443,45.0,0.2557,131.0,0.7443,2.0,0.0114,174.0,0.9886,6.0,0.0341,6.0,0.0341,0.0,0.0,2.0,9.0,96.0,2.0,2.0,17.0,11.0,24.0,17.3529,11.0,24.0,17.3529,29.406,179.47099999999998,11.380999999999998,27.4,13.824000000000002,8.019,8.019
192.0,702.0,0.2735,692.0,0.9858,2.0,4.0,3.6563,2.0,4.0,3.6563,52.0,0.2708,140.0,0.7292,50.0,0.2604,142.0,0.7396,20.0,0.1042,172.0,0.8958,7.0,0.0365,8.0,0.0417,0.0,0.0,2.0,8.0,103.3333,2.0,2.0,17.0,7.0,26.0,16.8636,7.0,26.0,16.8636,121.876,18.717,87.64,31.443,39.455,26.147,18.717
176.0,637.0,0.2763,626.0,0.9827,1.0,4.0,3.6193,1.0,4.0,3.6193,49.0,0.2784,127.0,0.7216,51.0,0.2898,125.0,0.7102,22.0,0.125,154.0,0.875,9.0,0.0511,8.0,0.0455,0.0,0.0,1.0,5.0,84.6667,8.0,3.0,17.0,11.0,24.0,17.3333,11.0,24.0,17.3333,199.99400000000003,199.99599999999998,199.99599999999998,199.989,199.99400000000003,199.982,199.982
176.0,647.0,0.272,646.0,0.9985,2.0,4.0,3.6761,2.0,4.0,3.6761,47.0,0.267,129.0,0.733,45.0,0.2557,131.0,0.7443,2.0,0.0114,174.0,0.9886,5.0,0.0284,6.0,0.0341,0.0,0.0,9.0,37.0,92.4,2.0,2.0,17.0,11.0,24.0,17.3529,11.0,24.0,17.3529,199.989,85.152,15.58,133.77200000000002,2.238,1.804,1.804
176.0,637.0,0.2763,626.0,0.9827,2.0,4.0,3.6193,2.0,4.0,3.6193,51.0,0.2898,125.0,0.7102,51.0,0.2898,125.0,0.7102,22.0,0.125,154.0,0.875,8.0,0.0455,8.0,0.0455,0.0,0.0,1.0,5.0,91.8333,2.0,2.0,17.0,3.0,24.0,16.2632,3.0,24.0,16.2632,53.852,199.99099999999999,14.929,30.47,5.2139999999999995,25.011999999999997,5.2139999999999995
176.0,637.0,0.2763,626.0,0.9827,1.0,4.0,3.6193,2.0,4.0,3.6193,55.0,0.3125,121.0,0.6875,53.0,0.3011,123.0,0.6989,22.0,0.125,154.0,0.875,6.0,0.0341,7.0,0.0398,0.0,0.0,5.0,19.0,89.2,2.0,2.0,17.0,11.0,24.0,16.5238,11.0,24.0,16.5238,37.398,199.99400000000003,9.854,199.99400000000003,44.07,199.99200000000002,9.854
176.0,637.0,0.2763,626.0,0.9827,2.0,4.0,3.6193,2.0,4.0,3.6193,51.0,0.2898,125.0,0.7102,53.0,0.3011,123.0,0.6989,20.0,0.1136,156.0,0.8864,8.0,0.0455,7.0,0.0398,0.0,0.0,4.0,17.0,55.5,2.0,2.0,17.0,11.0,24.0,16.7368,11.0,24.0,16.7368,152.881,6.478,6.522,4.067,23.339000000000002,151.202,4.067
176.0,637.0,0.2763,626.0,0.9827,2.0,4.0,3.6193,2.0,4.0,3.6193,51.0,0.2898,125.0,0.7102,53.0,0.3011,123.0,0.6989,22.0,0.125,154.0,0.875,8.0,0.0455,7.0,0.0398,0.0,0.0,2.0,8.0,83.4286,2.0,2.0,17.0,3.0,24.0,16.2105,3.0,24.0,16.2105,3.8089999999999997,12.47,30.43,70.47,37.72,132.431,3.8089999999999997
